forecast_date,ticker,forecast_pct_change,forecast_trend
2024-12-31,AAPL,0.0,0
2025-01-01,AAPL,0.0,0
2025-01-02,AAPL,0.0,0
2025-01-03,AAPL,0.0,0
2025-01-06,AAPL,0.0,0
2025-01-07,AAPL,0.0,0
2025-01-08,AAPL,0.0,0
2025-01-09,AAPL,0.0,0
2025-01-10,AAPL,0.0,0
2025-01-13,AAPL,0.0,0
2025-01-14,AAPL,0.0,0
2025-01-15,AAPL,0.0,0
2025-01-16,AAPL,0.0,0
2025-01-17,AAPL,0.0,0
2025-01-20,AAPL,0.0,0
2025-01-21,AAPL,0.0,0
2025-01-22,AAPL,0.0,0
2025-01-23,AAPL,0.0,0
2025-01-24,AAPL,0.0,0
2025-01-27,AAPL,0.0,0
2025-01-28,AAPL,0.0,0
2025-01-29,AAPL,0.0,0
2025-01-30,AAPL,0.0,0
2025-01-31,AAPL,0.0,0
2025-02-03,AAPL,0.0,0
2025-02-04,AAPL,0.0,0
2025-02-05,AAPL,0.0,0
2025-02-06,AAPL,0.0,0
2025-02-07,AAPL,0.0,0
2025-02-10,AAPL,0.0,0
2025-02-11,AAPL,0.0,0
2025-02-12,AAPL,0.0,0
2025-02-13,AAPL,0.0,0
2025-02-14,AAPL,0.0,0
2025-02-17,AAPL,0.0,0
2025-02-18,AAPL,0.0,0
2025-02-19,AAPL,0.0,0
2025-02-20,AAPL,0.0,0
2025-02-21,AAPL,0.0,0
2025-02-24,AAPL,0.0,0
2025-02-25,AAPL,0.0,0
2025-02-26,AAPL,0.0,0
2025-02-27,AAPL,0.0,0
2025-02-28,AAPL,0.0,0
2025-03-03,AAPL,0.0,0
2025-03-04,AAPL,0.0,0
2025-03-05,AAPL,0.0,0
2025-03-06,AAPL,0.0,0
2025-03-07,AAPL,0.0,0
2025-03-10,AAPL,0.0,0
2025-03-11,AAPL,0.0,0
2025-03-12,AAPL,0.0,0
2025-03-13,AAPL,0.0,0
2025-03-14,AAPL,0.0,0
2025-03-17,AAPL,0.0,0
2025-03-18,AAPL,0.0,0
2025-03-19,AAPL,0.0,0
2025-03-20,AAPL,0.0,0
2025-03-21,AAPL,0.0,0
2025-03-24,AAPL,0.0,0
2025-03-25,AAPL,0.0,0
2025-03-26,AAPL,0.0,0
2025-03-27,AAPL,0.0,0
2025-03-28,AAPL,0.0,0
2025-03-31,AAPL,0.0,0
2025-04-01,AAPL,0.0,0
2025-04-02,AAPL,0.0,0
2025-04-03,AAPL,0.0,0
2025-04-04,AAPL,0.0,0
2025-04-07,AAPL,0.0,0
2025-04-08,AAPL,0.0,0
2025-04-09,AAPL,0.0,0
2025-04-10,AAPL,0.0,0
2025-04-11,AAPL,0.0,0
2025-04-14,AAPL,0.0,0
2025-04-15,AAPL,0.0,0
2025-04-16,AAPL,0.0,0
2025-04-17,AAPL,0.0,0
2025-04-18,AAPL,0.0,0
2025-04-21,AAPL,0.0,0
2025-04-22,AAPL,0.0,0
2025-04-23,AAPL,0.0,0
2025-04-24,AAPL,0.0,0
2025-04-25,AAPL,0.0,0
2025-04-28,AAPL,0.0,0
2025-04-29,AAPL,0.0,0
2025-04-30,AAPL,0.0,0
2025-05-01,AAPL,0.0,0
2025-05-02,AAPL,0.0,0
2025-05-05,AAPL,0.0,0
2025-05-06,AAPL,0.0,0
2025-05-07,AAPL,0.0,0
2025-05-08,AAPL,0.0,0
2025-05-09,AAPL,0.0,0
2025-05-12,AAPL,0.0,0
2025-05-13,AAPL,0.0,0
2025-05-14,AAPL,0.0,0
2025-05-15,AAPL,0.0,0
2025-05-16,AAPL,0.0,0
2025-05-19,AAPL,0.0,0
2025-05-20,AAPL,0.0,0
2025-05-21,AAPL,0.0,0
2025-05-22,AAPL,0.0,0
2025-05-23,AAPL,0.0,0
2025-05-26,AAPL,0.0,0
2025-05-27,AAPL,0.0,0
2025-05-28,AAPL,0.0,0
2025-05-29,AAPL,0.0,0
2025-05-30,AAPL,0.0,0
2025-06-02,AAPL,0.0,0
2025-06-03,AAPL,0.0,0
2025-06-04,AAPL,0.0,0
2025-06-05,AAPL,0.0,0
2025-06-06,AAPL,0.0,0
2025-06-09,AAPL,0.0,0
2025-06-10,AAPL,0.0,0
2025-06-11,AAPL,0.0,0
2025-06-12,AAPL,0.0,0
2025-06-13,AAPL,0.0,0
2025-06-16,AAPL,0.0,0
2025-06-17,AAPL,0.0,0
2025-06-18,AAPL,0.0,0
2025-06-19,AAPL,0.0,0
2025-06-20,AAPL,0.0,0
2025-06-23,AAPL,0.0,0
2025-06-24,AAPL,0.0,0
2025-06-25,AAPL,0.0,0
2025-06-26,AAPL,0.0,0
2025-06-27,AAPL,0.0,0
2025-06-30,AAPL,0.0,0
2025-07-01,AAPL,0.0,0
2025-07-02,AAPL,0.0,0
2025-07-03,AAPL,0.0,0
2025-07-04,AAPL,0.0,0
2025-07-07,AAPL,0.0,0
2025-07-08,AAPL,0.0,0
2025-07-09,AAPL,0.0,0
2025-07-10,AAPL,0.0,0
2025-07-11,AAPL,0.0,0
2025-07-14,AAPL,0.0,0
2025-07-15,AAPL,0.0,0
2025-07-16,AAPL,0.0,0
2025-07-17,AAPL,0.0,0
2025-07-18,AAPL,0.0,0
2025-07-21,AAPL,0.0,0
2025-07-22,AAPL,0.0,0
2025-07-23,AAPL,0.0,0
2025-07-24,AAPL,0.0,0
2025-07-25,AAPL,0.0,0
2025-07-28,AAPL,0.0,0
2025-07-29,AAPL,0.0,0
2025-07-30,AAPL,0.0,0
2025-07-31,AAPL,0.0,0
2025-08-01,AAPL,0.0,0
2025-08-04,AAPL,0.0,0
2025-08-05,AAPL,0.0,0
2025-08-06,AAPL,0.0,0
2025-08-07,AAPL,0.0,0
2025-08-08,AAPL,0.0,0
2025-08-11,AAPL,0.0,0
2025-08-12,AAPL,0.0,0
2025-08-13,AAPL,0.0,0
2025-08-14,AAPL,0.0,0
2025-08-15,AAPL,0.0,0
2025-08-18,AAPL,0.0,0
2025-08-19,AAPL,0.0,0
2025-08-20,AAPL,0.0,0
2025-08-21,AAPL,0.0,0
2025-08-22,AAPL,0.0,0
2025-08-25,AAPL,0.0,0
2025-08-26,AAPL,0.0,0
2025-08-27,AAPL,0.0,0
2025-08-28,AAPL,0.0,0
2025-08-29,AAPL,0.0,0
2025-09-01,AAPL,0.0,0
2025-09-02,AAPL,0.0,0
2025-09-03,AAPL,0.0,0
2025-09-04,AAPL,0.0,0
2025-09-05,AAPL,0.0,0
2025-09-08,AAPL,0.0,0
2025-09-09,AAPL,0.0,0
2025-09-10,AAPL,0.0,0
2025-09-11,AAPL,0.0,0
2025-09-12,AAPL,0.0,0
2025-09-15,AAPL,0.0,0
2025-09-16,AAPL,0.0,0
2025-09-17,AAPL,0.0,0
2025-09-18,AAPL,0.0,0
2025-09-19,AAPL,0.0,0
2025-09-22,AAPL,0.0,0
2025-09-23,AAPL,0.0,0
2025-09-24,AAPL,0.0,0
2025-09-25,AAPL,0.0,0
2025-09-26,AAPL,0.0,0
2025-09-29,AAPL,0.0,0
2025-09-30,AAPL,0.0,0
2025-10-01,AAPL,0.0,0
2025-10-02,AAPL,0.0,0
2025-10-03,AAPL,0.0,0
2025-10-06,AAPL,0.0,0
2025-10-07,AAPL,0.0,0
2025-10-08,AAPL,0.0,0
2025-10-09,AAPL,0.0,0
2025-10-10,AAPL,0.0,0
2025-10-13,AAPL,0.0,0
2025-10-14,AAPL,0.0,0
2025-10-15,AAPL,0.0,0
2025-10-16,AAPL,0.0,0
2025-10-17,AAPL,0.0,0
2025-10-20,AAPL,0.0,0
2025-10-21,AAPL,0.0,0
2025-10-22,AAPL,0.0,0
2025-10-23,AAPL,0.0,0
2025-10-24,AAPL,0.0,0
2025-10-27,AAPL,0.0,0
2025-10-28,AAPL,0.0,0
2025-10-29,AAPL,0.0,0
2025-10-30,AAPL,0.0,0
2025-10-31,AAPL,0.0,0
2025-11-03,AAPL,0.0,0
2025-11-04,AAPL,0.0,0
2025-11-05,AAPL,0.0,0
2025-11-06,AAPL,0.0,0
2025-11-07,AAPL,0.0,0
2025-11-10,AAPL,0.0,0
2025-11-11,AAPL,0.0,0
2025-11-12,AAPL,0.0,0
2025-11-13,AAPL,0.0,0
2025-11-14,AAPL,0.0,0
2025-11-17,AAPL,0.0,0
2025-11-18,AAPL,0.0,0
2025-11-19,AAPL,0.0,0
2025-11-20,AAPL,0.0,0
2025-11-21,AAPL,0.0,0
2025-11-24,AAPL,0.0,0
2025-11-25,AAPL,0.0,0
2025-11-26,AAPL,0.0,0
2025-11-27,AAPL,0.0,0
2025-11-28,AAPL,0.0,0
2025-12-01,AAPL,0.0,0
2025-12-02,AAPL,0.0,0
2025-12-03,AAPL,0.0,0
2025-12-04,AAPL,0.0,0
2025-12-05,AAPL,0.0,0
2025-12-08,AAPL,0.0,0
2025-12-09,AAPL,0.0,0
2025-12-10,AAPL,0.0,0
2025-12-11,AAPL,0.0,0
2025-12-12,AAPL,0.0,0
2025-12-15,AAPL,0.0,0
2025-12-16,AAPL,0.0,0
2025-12-17,AAPL,0.0,0
2025-12-18,AAPL,0.0,0
2025-12-19,AAPL,0.0,0
2025-12-22,AAPL,0.0,0
2025-12-23,AAPL,0.0,0
2025-12-24,AAPL,0.0,0
2025-12-25,AAPL,0.0,0
2025-12-26,AAPL,0.0,0
2025-12-29,AAPL,0.0,0
2025-12-30,AAPL,0.0,0
2025-12-31,AAPL,0.0,0
2024-12-31,AMZN,0.0,0
2025-01-01,AMZN,0.0,0
2025-01-02,AMZN,0.0,0
2025-01-03,AMZN,0.0,0
2025-01-06,AMZN,0.0,0
2025-01-07,AMZN,0.0,0
2025-01-08,AMZN,0.0,0
2025-01-09,AMZN,0.0,0
2025-01-10,AMZN,0.0,0
2025-01-13,AMZN,0.0,0
2025-01-14,AMZN,0.0,0
2025-01-15,AMZN,0.0,0
2025-01-16,AMZN,0.0,0
2025-01-17,AMZN,0.0,0
2025-01-20,AMZN,0.0,0
2025-01-21,AMZN,0.0,0
2025-01-22,AMZN,0.0,0
2025-01-23,AMZN,0.0,0
2025-01-24,AMZN,0.0,0
2025-01-27,AMZN,0.0,0
2025-01-28,AMZN,0.0,0
2025-01-29,AMZN,0.0,0
2025-01-30,AMZN,0.0,0
2025-01-31,AMZN,0.0,0
2025-02-03,AMZN,0.0,0
2025-02-04,AMZN,0.0,0
2025-02-05,AMZN,0.0,0
2025-02-06,AMZN,0.0,0
2025-02-07,AMZN,0.0,0
2025-02-10,AMZN,0.0,0
2025-02-11,AMZN,0.0,0
2025-02-12,AMZN,0.0,0
2025-02-13,AMZN,0.0,0
2025-02-14,AMZN,0.0,0
2025-02-17,AMZN,0.0,0
2025-02-18,AMZN,0.0,0
2025-02-19,AMZN,0.0,0
2025-02-20,AMZN,0.0,0
2025-02-21,AMZN,0.0,0
2025-02-24,AMZN,0.0,0
2025-02-25,AMZN,0.0,0
2025-02-26,AMZN,0.0,0
2025-02-27,AMZN,0.0,0
2025-02-28,AMZN,0.0,0
2025-03-03,AMZN,0.0,0
2025-03-04,AMZN,0.0,0
2025-03-05,AMZN,0.0,0
2025-03-06,AMZN,0.0,0
2025-03-07,AMZN,0.0,0
2025-03-10,AMZN,0.0,0
2025-03-11,AMZN,0.0,0
2025-03-12,AMZN,0.0,0
2025-03-13,AMZN,0.0,0
2025-03-14,AMZN,0.0,0
2025-03-17,AMZN,0.0,0
2025-03-18,AMZN,0.0,0
2025-03-19,AMZN,0.0,0
2025-03-20,AMZN,0.0,0
2025-03-21,AMZN,0.0,0
2025-03-24,AMZN,0.0,0
2025-03-25,AMZN,0.0,0
2025-03-26,AMZN,0.0,0
2025-03-27,AMZN,0.0,0
2025-03-28,AMZN,0.0,0
2025-03-31,AMZN,0.0,0
2025-04-01,AMZN,0.0,0
2025-04-02,AMZN,0.0,0
2025-04-03,AMZN,0.0,0
2025-04-04,AMZN,0.0,0
2025-04-07,AMZN,0.0,0
2025-04-08,AMZN,0.0,0
2025-04-09,AMZN,0.0,0
2025-04-10,AMZN,0.0,0
2025-04-11,AMZN,0.0,0
2025-04-14,AMZN,0.0,0
2025-04-15,AMZN,0.0,0
2025-04-16,AMZN,0.0,0
2025-04-17,AMZN,0.0,0
2025-04-18,AMZN,0.0,0
2025-04-21,AMZN,0.0,0
2025-04-22,AMZN,0.0,0
2025-04-23,AMZN,0.0,0
2025-04-24,AMZN,0.0,0
2025-04-25,AMZN,0.0,0
2025-04-28,AMZN,0.0,0
2025-04-29,AMZN,0.0,0
2025-04-30,AMZN,0.0,0
2025-05-01,AMZN,0.0,0
2025-05-02,AMZN,0.0,0
2025-05-05,AMZN,0.0,0
2025-05-06,AMZN,0.0,0
2025-05-07,AMZN,0.0,0
2025-05-08,AMZN,0.0,0
2025-05-09,AMZN,0.0,0
2025-05-12,AMZN,0.0,0
2025-05-13,AMZN,0.0,0
2025-05-14,AMZN,0.0,0
2025-05-15,AMZN,0.0,0
2025-05-16,AMZN,0.0,0
2025-05-19,AMZN,0.0,0
2025-05-20,AMZN,0.0,0
2025-05-21,AMZN,0.0,0
2025-05-22,AMZN,0.0,0
2025-05-23,AMZN,0.0,0
2025-05-26,AMZN,0.0,0
2025-05-27,AMZN,0.0,0
2025-05-28,AMZN,0.0,0
2025-05-29,AMZN,0.0,0
2025-05-30,AMZN,0.0,0
2025-06-02,AMZN,0.0,0
2025-06-03,AMZN,0.0,0
2025-06-04,AMZN,0.0,0
2025-06-05,AMZN,0.0,0
2025-06-06,AMZN,0.0,0
2025-06-09,AMZN,0.0,0
2025-06-10,AMZN,0.0,0
2025-06-11,AMZN,0.0,0
2025-06-12,AMZN,0.0,0
2025-06-13,AMZN,0.0,0
2025-06-16,AMZN,0.0,0
2025-06-17,AMZN,0.0,0
2025-06-18,AMZN,0.0,0
2025-06-19,AMZN,0.0,0
2025-06-20,AMZN,0.0,0
2025-06-23,AMZN,0.0,0
2025-06-24,AMZN,0.0,0
2025-06-25,AMZN,0.0,0
2025-06-26,AMZN,0.0,0
2025-06-27,AMZN,0.0,0
2025-06-30,AMZN,0.0,0
2025-07-01,AMZN,0.0,0
2025-07-02,AMZN,0.0,0
2025-07-03,AMZN,0.0,0
2025-07-04,AMZN,0.0,0
2025-07-07,AMZN,0.0,0
2025-07-08,AMZN,0.0,0
2025-07-09,AMZN,0.0,0
2025-07-10,AMZN,0.0,0
2025-07-11,AMZN,0.0,0
2025-07-14,AMZN,0.0,0
2025-07-15,AMZN,0.0,0
2025-07-16,AMZN,0.0,0
2025-07-17,AMZN,0.0,0
2025-07-18,AMZN,0.0,0
2025-07-21,AMZN,0.0,0
2025-07-22,AMZN,0.0,0
2025-07-23,AMZN,0.0,0
2025-07-24,AMZN,0.0,0
2025-07-25,AMZN,0.0,0
2025-07-28,AMZN,0.0,0
2025-07-29,AMZN,0.0,0
2025-07-30,AMZN,0.0,0
2025-07-31,AMZN,0.0,0
2025-08-01,AMZN,0.0,0
2025-08-04,AMZN,0.0,0
2025-08-05,AMZN,0.0,0
2025-08-06,AMZN,0.0,0
2025-08-07,AMZN,0.0,0
2025-08-08,AMZN,0.0,0
2025-08-11,AMZN,0.0,0
2025-08-12,AMZN,0.0,0
2025-08-13,AMZN,0.0,0
2025-08-14,AMZN,0.0,0
2025-08-15,AMZN,0.0,0
2025-08-18,AMZN,0.0,0
2025-08-19,AMZN,0.0,0
2025-08-20,AMZN,0.0,0
2025-08-21,AMZN,0.0,0
2025-08-22,AMZN,0.0,0
2025-08-25,AMZN,0.0,0
2025-08-26,AMZN,0.0,0
2025-08-27,AMZN,0.0,0
2025-08-28,AMZN,0.0,0
2025-08-29,AMZN,0.0,0
2025-09-01,AMZN,0.0,0
2025-09-02,AMZN,0.0,0
2025-09-03,AMZN,0.0,0
2025-09-04,AMZN,0.0,0
2025-09-05,AMZN,0.0,0
2025-09-08,AMZN,0.0,0
2025-09-09,AMZN,0.0,0
2025-09-10,AMZN,0.0,0
2025-09-11,AMZN,0.0,0
2025-09-12,AMZN,0.0,0
2025-09-15,AMZN,0.0,0
2025-09-16,AMZN,0.0,0
2025-09-17,AMZN,0.0,0
2025-09-18,AMZN,0.0,0
2025-09-19,AMZN,0.0,0
2025-09-22,AMZN,0.0,0
2025-09-23,AMZN,0.0,0
2025-09-24,AMZN,0.0,0
2025-09-25,AMZN,0.0,0
2025-09-26,AMZN,0.0,0
2025-09-29,AMZN,0.0,0
2025-09-30,AMZN,0.0,0
2025-10-01,AMZN,0.0,0
2025-10-02,AMZN,0.0,0
2025-10-03,AMZN,0.0,0
2025-10-06,AMZN,0.0,0
2025-10-07,AMZN,0.0,0
2025-10-08,AMZN,0.0,0
2025-10-09,AMZN,0.0,0
2025-10-10,AMZN,0.0,0
2025-10-13,AMZN,0.0,0
2025-10-14,AMZN,0.0,0
2025-10-15,AMZN,0.0,0
2025-10-16,AMZN,0.0,0
2025-10-17,AMZN,0.0,0
2025-10-20,AMZN,0.0,0
2025-10-21,AMZN,0.0,0
2025-10-22,AMZN,0.0,0
2025-10-23,AMZN,0.0,0
2025-10-24,AMZN,0.0,0
2025-10-27,AMZN,0.0,0
2025-10-28,AMZN,0.0,0
2025-10-29,AMZN,0.0,0
2025-10-30,AMZN,0.0,0
2025-10-31,AMZN,0.0,0
2025-11-03,AMZN,0.0,0
2025-11-04,AMZN,0.0,0
2025-11-05,AMZN,0.0,0
2025-11-06,AMZN,0.0,0
2025-11-07,AMZN,0.0,0
2025-11-10,AMZN,0.0,0
2025-11-11,AMZN,0.0,0
2025-11-12,AMZN,0.0,0
2025-11-13,AMZN,0.0,0
2025-11-14,AMZN,0.0,0
2025-11-17,AMZN,0.0,0
2025-11-18,AMZN,0.0,0
2025-11-19,AMZN,0.0,0
2025-11-20,AMZN,0.0,0
2025-11-21,AMZN,0.0,0
2025-11-24,AMZN,0.0,0
2025-11-25,AMZN,0.0,0
2025-11-26,AMZN,0.0,0
2025-11-27,AMZN,0.0,0
2025-11-28,AMZN,0.0,0
2025-12-01,AMZN,0.0,0
2025-12-02,AMZN,0.0,0
2025-12-03,AMZN,0.0,0
2025-12-04,AMZN,0.0,0
2025-12-05,AMZN,0.0,0
2025-12-08,AMZN,0.0,0
2025-12-09,AMZN,0.0,0
2025-12-10,AMZN,0.0,0
2025-12-11,AMZN,0.0,0
2025-12-12,AMZN,0.0,0
2025-12-15,AMZN,0.0,0
2025-12-16,AMZN,0.0,0
2025-12-17,AMZN,0.0,0
2025-12-18,AMZN,0.0,0
2025-12-19,AMZN,0.0,0
2025-12-22,AMZN,0.0,0
2025-12-23,AMZN,0.0,0
2025-12-24,AMZN,0.0,0
2025-12-25,AMZN,0.0,0
2025-12-26,AMZN,0.0,0
2025-12-29,AMZN,0.0,0
2025-12-30,AMZN,0.0,0
2025-12-31,AMZN,0.0,0
2024-12-31,F,0.0,0
2025-01-01,F,0.0,0
2025-01-02,F,0.0,0
2025-01-03,F,0.0,0
2025-01-06,F,0.0,0
2025-01-07,F,0.0,0
2025-01-08,F,0.0,0
2025-01-09,F,0.0,0
2025-01-10,F,0.0,0
2025-01-13,F,0.0,0
2025-01-14,F,0.0,0
2025-01-15,F,0.0,0
2025-01-16,F,0.0,0
2025-01-17,F,0.0,0
2025-01-20,F,0.0,0
2025-01-21,F,0.0,0
2025-01-22,F,0.0,0
2025-01-23,F,0.0,0
2025-01-24,F,0.0,0
2025-01-27,F,0.0,0
2025-01-28,F,0.0,0
2025-01-29,F,0.0,0
2025-01-30,F,0.0,0
2025-01-31,F,0.0,0
2025-02-03,F,0.0,0
2025-02-04,F,0.0,0
2025-02-05,F,0.0,0
2025-02-06,F,0.0,0
2025-02-07,F,0.0,0
2025-02-10,F,0.0,0
2025-02-11,F,0.0,0
2025-02-12,F,0.0,0
2025-02-13,F,0.0,0
2025-02-14,F,0.0,0
2025-02-17,F,0.0,0
2025-02-18,F,0.0,0
2025-02-19,F,0.0,0
2025-02-20,F,0.0,0
2025-02-21,F,0.0,0
2025-02-24,F,0.0,0
2025-02-25,F,0.0,0
2025-02-26,F,0.0,0
2025-02-27,F,0.0,0
2025-02-28,F,0.0,0
2025-03-03,F,0.0,0
2025-03-04,F,0.0,0
2025-03-05,F,0.0,0
2025-03-06,F,0.0,0
2025-03-07,F,0.0,0
2025-03-10,F,0.0,0
2025-03-11,F,0.0,0
2025-03-12,F,0.0,0
2025-03-13,F,0.0,0
2025-03-14,F,0.0,0
2025-03-17,F,0.0,0
2025-03-18,F,0.0,0
2025-03-19,F,0.0,0
2025-03-20,F,0.0,0
2025-03-21,F,0.0,0
2025-03-24,F,0.0,0
2025-03-25,F,0.0,0
2025-03-26,F,0.0,0
2025-03-27,F,0.0,0
2025-03-28,F,0.0,0
2025-03-31,F,0.0,0
2025-04-01,F,0.0,0
2025-04-02,F,0.0,0
2025-04-03,F,0.0,0
2025-04-04,F,0.0,0
2025-04-07,F,0.0,0
2025-04-08,F,0.0,0
2025-04-09,F,0.0,0
2025-04-10,F,0.0,0
2025-04-11,F,0.0,0
2025-04-14,F,0.0,0
2025-04-15,F,0.0,0
2025-04-16,F,0.0,0
2025-04-17,F,0.0,0
2025-04-18,F,0.0,0
2025-04-21,F,0.0,0
2025-04-22,F,0.0,0
2025-04-23,F,0.0,0
2025-04-24,F,0.0,0
2025-04-25,F,0.0,0
2025-04-28,F,0.0,0
2025-04-29,F,0.0,0
2025-04-30,F,0.0,0
2025-05-01,F,0.0,0
2025-05-02,F,0.0,0
2025-05-05,F,0.0,0
2025-05-06,F,0.0,0
2025-05-07,F,0.0,0
2025-05-08,F,0.0,0
2025-05-09,F,0.0,0
2025-05-12,F,0.0,0
2025-05-13,F,0.0,0
2025-05-14,F,0.0,0
2025-05-15,F,0.0,0
2025-05-16,F,0.0,0
2025-05-19,F,0.0,0
2025-05-20,F,0.0,0
2025-05-21,F,0.0,0
2025-05-22,F,0.0,0
2025-05-23,F,0.0,0
2025-05-26,F,0.0,0
2025-05-27,F,0.0,0
2025-05-28,F,0.0,0
2025-05-29,F,0.0,0
2025-05-30,F,0.0,0
2025-06-02,F,0.0,0
2025-06-03,F,0.0,0
2025-06-04,F,0.0,0
2025-06-05,F,0.0,0
2025-06-06,F,0.0,0
2025-06-09,F,0.0,0
2025-06-10,F,0.0,0
2025-06-11,F,0.0,0
2025-06-12,F,0.0,0
2025-06-13,F,0.0,0
2025-06-16,F,0.0,0
2025-06-17,F,0.0,0
2025-06-18,F,0.0,0
2025-06-19,F,0.0,0
2025-06-20,F,0.0,0
2025-06-23,F,0.0,0
2025-06-24,F,0.0,0
2025-06-25,F,0.0,0
2025-06-26,F,0.0,0
2025-06-27,F,0.0,0
2025-06-30,F,0.0,0
2025-07-01,F,0.0,0
2025-07-02,F,0.0,0
2025-07-03,F,0.0,0
2025-07-04,F,0.0,0
2025-07-07,F,0.0,0
2025-07-08,F,0.0,0
2025-07-09,F,0.0,0
2025-07-10,F,0.0,0
2025-07-11,F,0.0,0
2025-07-14,F,0.0,0
2025-07-15,F,0.0,0
2025-07-16,F,0.0,0
2025-07-17,F,0.0,0
2025-07-18,F,0.0,0
2025-07-21,F,0.0,0
2025-07-22,F,0.0,0
2025-07-23,F,0.0,0
2025-07-24,F,0.0,0
2025-07-25,F,0.0,0
2025-07-28,F,0.0,0
2025-07-29,F,0.0,0
2025-07-30,F,0.0,0
2025-07-31,F,0.0,0
2025-08-01,F,0.0,0
2025-08-04,F,0.0,0
2025-08-05,F,0.0,0
2025-08-06,F,0.0,0
2025-08-07,F,0.0,0
2025-08-08,F,0.0,0
2025-08-11,F,0.0,0
2025-08-12,F,0.0,0
2025-08-13,F,0.0,0
2025-08-14,F,0.0,0
2025-08-15,F,0.0,0
2025-08-18,F,0.0,0
2025-08-19,F,0.0,0
2025-08-20,F,0.0,0
2025-08-21,F,0.0,0
2025-08-22,F,0.0,0
2025-08-25,F,0.0,0
2025-08-26,F,0.0,0
2025-08-27,F,0.0,0
2025-08-28,F,0.0,0
2025-08-29,F,0.0,0
2025-09-01,F,0.0,0
2025-09-02,F,0.0,0
2025-09-03,F,0.0,0
2025-09-04,F,0.0,0
2025-09-05,F,0.0,0
2025-09-08,F,0.0,0
2025-09-09,F,0.0,0
2025-09-10,F,0.0,0
2025-09-11,F,0.0,0
2025-09-12,F,0.0,0
2025-09-15,F,0.0,0
2025-09-16,F,0.0,0
2025-09-17,F,0.0,0
2025-09-18,F,0.0,0
2025-09-19,F,0.0,0
2025-09-22,F,0.0,0
2025-09-23,F,0.0,0
2025-09-24,F,0.0,0
2025-09-25,F,0.0,0
2025-09-26,F,0.0,0
2025-09-29,F,0.0,0
2025-09-30,F,0.0,0
2025-10-01,F,0.0,0
2025-10-02,F,0.0,0
2025-10-03,F,0.0,0
2025-10-06,F,0.0,0
2025-10-07,F,0.0,0
2025-10-08,F,0.0,0
2025-10-09,F,0.0,0
2025-10-10,F,0.0,0
2025-10-13,F,0.0,0
2025-10-14,F,0.0,0
2025-10-15,F,0.0,0
2025-10-16,F,0.0,0
2025-10-17,F,0.0,0
2025-10-20,F,0.0,0
2025-10-21,F,0.0,0
2025-10-22,F,0.0,0
2025-10-23,F,0.0,0
2025-10-24,F,0.0,0
2025-10-27,F,0.0,0
2025-10-28,F,0.0,0
2025-10-29,F,0.0,0
2025-10-30,F,0.0,0
2025-10-31,F,0.0,0
2025-11-03,F,0.0,0
2025-11-04,F,0.0,0
2025-11-05,F,0.0,0
2025-11-06,F,0.0,0
2025-11-07,F,0.0,0
2025-11-10,F,0.0,0
2025-11-11,F,0.0,0
2025-11-12,F,0.0,0
2025-11-13,F,0.0,0
2025-11-14,F,0.0,0
2025-11-17,F,0.0,0
2025-11-18,F,0.0,0
2025-11-19,F,0.0,0
2025-11-20,F,0.0,0
2025-11-21,F,0.0,0
2025-11-24,F,0.0,0
2025-11-25,F,0.0,0
2025-11-26,F,0.0,0
2025-11-27,F,0.0,0
2025-11-28,F,0.0,0
2025-12-01,F,0.0,0
2025-12-02,F,0.0,0
2025-12-03,F,0.0,0
2025-12-04,F,0.0,0
2025-12-05,F,0.0,0
2025-12-08,F,0.0,0
2025-12-09,F,0.0,0
2025-12-10,F,0.0,0
2025-12-11,F,0.0,0
2025-12-12,F,0.0,0
2025-12-15,F,0.0,0
2025-12-16,F,0.0,0
2025-12-17,F,0.0,0
2025-12-18,F,0.0,0
2025-12-19,F,0.0,0
2025-12-22,F,0.0,0
2025-12-23,F,0.0,0
2025-12-24,F,0.0,0
2025-12-25,F,0.0,0
2025-12-26,F,0.0,0
2025-12-29,F,0.0,0
2025-12-30,F,0.0,0
2025-12-31,F,0.0,0
2024-12-31,GOOGL,0.0,0
2025-01-01,GOOGL,0.0,0
2025-01-02,GOOGL,0.0,0
2025-01-03,GOOGL,0.0,0
2025-01-06,GOOGL,0.0,0
2025-01-07,GOOGL,0.0,0
2025-01-08,GOOGL,0.0,0
2025-01-09,GOOGL,0.0,0
2025-01-10,GOOGL,0.0,0
2025-01-13,GOOGL,0.0,0
2025-01-14,GOOGL,0.0,0
2025-01-15,GOOGL,0.0,0
2025-01-16,GOOGL,0.0,0
2025-01-17,GOOGL,0.0,0
2025-01-20,GOOGL,0.0,0
2025-01-21,GOOGL,0.0,0
2025-01-22,GOOGL,0.0,0
2025-01-23,GOOGL,0.0,0
2025-01-24,GOOGL,0.0,0
2025-01-27,GOOGL,0.0,0
2025-01-28,GOOGL,0.0,0
2025-01-29,GOOGL,0.0,0
2025-01-30,GOOGL,0.0,0
2025-01-31,GOOGL,0.0,0
2025-02-03,GOOGL,0.0,0
2025-02-04,GOOGL,0.0,0
2025-02-05,GOOGL,0.0,0
2025-02-06,GOOGL,0.0,0
2025-02-07,GOOGL,0.0,0
2025-02-10,GOOGL,0.0,0
2025-02-11,GOOGL,0.0,0
2025-02-12,GOOGL,0.0,0
2025-02-13,GOOGL,0.0,0
2025-02-14,GOOGL,0.0,0
2025-02-17,GOOGL,0.0,0
2025-02-18,GOOGL,0.0,0
2025-02-19,GOOGL,0.0,0
2025-02-20,GOOGL,0.0,0
2025-02-21,GOOGL,0.0,0
2025-02-24,GOOGL,0.0,0
2025-02-25,GOOGL,0.0,0
2025-02-26,GOOGL,0.0,0
2025-02-27,GOOGL,0.0,0
2025-02-28,GOOGL,0.0,0
2025-03-03,GOOGL,0.0,0
2025-03-04,GOOGL,0.0,0
2025-03-05,GOOGL,0.0,0
2025-03-06,GOOGL,0.0,0
2025-03-07,GOOGL,0.0,0
2025-03-10,GOOGL,0.0,0
2025-03-11,GOOGL,0.0,0
2025-03-12,GOOGL,0.0,0
2025-03-13,GOOGL,0.0,0
2025-03-14,GOOGL,0.0,0
2025-03-17,GOOGL,0.0,0
2025-03-18,GOOGL,0.0,0
2025-03-19,GOOGL,0.0,0
2025-03-20,GOOGL,0.0,0
2025-03-21,GOOGL,0.0,0
2025-03-24,GOOGL,0.0,0
2025-03-25,GOOGL,0.0,0
2025-03-26,GOOGL,0.0,0
2025-03-27,GOOGL,0.0,0
2025-03-28,GOOGL,0.0,0
2025-03-31,GOOGL,0.0,0
2025-04-01,GOOGL,0.0,0
2025-04-02,GOOGL,0.0,0
2025-04-03,GOOGL,0.0,0
2025-04-04,GOOGL,0.0,0
2025-04-07,GOOGL,0.0,0
2025-04-08,GOOGL,0.0,0
2025-04-09,GOOGL,0.0,0
2025-04-10,GOOGL,0.0,0
2025-04-11,GOOGL,0.0,0
2025-04-14,GOOGL,0.0,0
2025-04-15,GOOGL,0.0,0
2025-04-16,GOOGL,0.0,0
2025-04-17,GOOGL,0.0,0
2025-04-18,GOOGL,0.0,0
2025-04-21,GOOGL,0.0,0
2025-04-22,GOOGL,0.0,0
2025-04-23,GOOGL,0.0,0
2025-04-24,GOOGL,0.0,0
2025-04-25,GOOGL,0.0,0
2025-04-28,GOOGL,0.0,0
2025-04-29,GOOGL,0.0,0
2025-04-30,GOOGL,0.0,0
2025-05-01,GOOGL,0.0,0
2025-05-02,GOOGL,0.0,0
2025-05-05,GOOGL,0.0,0
2025-05-06,GOOGL,0.0,0
2025-05-07,GOOGL,0.0,0
2025-05-08,GOOGL,0.0,0
2025-05-09,GOOGL,0.0,0
2025-05-12,GOOGL,0.0,0
2025-05-13,GOOGL,0.0,0
2025-05-14,GOOGL,0.0,0
2025-05-15,GOOGL,0.0,0
2025-05-16,GOOGL,0.0,0
2025-05-19,GOOGL,0.0,0
2025-05-20,GOOGL,0.0,0
2025-05-21,GOOGL,0.0,0
2025-05-22,GOOGL,0.0,0
2025-05-23,GOOGL,0.0,0
2025-05-26,GOOGL,0.0,0
2025-05-27,GOOGL,0.0,0
2025-05-28,GOOGL,0.0,0
2025-05-29,GOOGL,0.0,0
2025-05-30,GOOGL,0.0,0
2025-06-02,GOOGL,0.0,0
2025-06-03,GOOGL,0.0,0
2025-06-04,GOOGL,0.0,0
2025-06-05,GOOGL,0.0,0
2025-06-06,GOOGL,0.0,0
2025-06-09,GOOGL,0.0,0
2025-06-10,GOOGL,0.0,0
2025-06-11,GOOGL,0.0,0
2025-06-12,GOOGL,0.0,0
2025-06-13,GOOGL,0.0,0
2025-06-16,GOOGL,0.0,0
2025-06-17,GOOGL,0.0,0
2025-06-18,GOOGL,0.0,0
2025-06-19,GOOGL,0.0,0
2025-06-20,GOOGL,0.0,0
2025-06-23,GOOGL,0.0,0
2025-06-24,GOOGL,0.0,0
2025-06-25,GOOGL,0.0,0
2025-06-26,GOOGL,0.0,0
2025-06-27,GOOGL,0.0,0
2025-06-30,GOOGL,0.0,0
2025-07-01,GOOGL,0.0,0
2025-07-02,GOOGL,0.0,0
2025-07-03,GOOGL,0.0,0
2025-07-04,GOOGL,0.0,0
2025-07-07,GOOGL,0.0,0
2025-07-08,GOOGL,0.0,0
2025-07-09,GOOGL,0.0,0
2025-07-10,GOOGL,0.0,0
2025-07-11,GOOGL,0.0,0
2025-07-14,GOOGL,0.0,0
2025-07-15,GOOGL,0.0,0
2025-07-16,GOOGL,0.0,0
2025-07-17,GOOGL,0.0,0
2025-07-18,GOOGL,0.0,0
2025-07-21,GOOGL,0.0,0
2025-07-22,GOOGL,0.0,0
2025-07-23,GOOGL,0.0,0
2025-07-24,GOOGL,0.0,0
2025-07-25,GOOGL,0.0,0
2025-07-28,GOOGL,0.0,0
2025-07-29,GOOGL,0.0,0
2025-07-30,GOOGL,0.0,0
2025-07-31,GOOGL,0.0,0
2025-08-01,GOOGL,0.0,0
2025-08-04,GOOGL,0.0,0
2025-08-05,GOOGL,0.0,0
2025-08-06,GOOGL,0.0,0
2025-08-07,GOOGL,0.0,0
2025-08-08,GOOGL,0.0,0
2025-08-11,GOOGL,0.0,0
2025-08-12,GOOGL,0.0,0
2025-08-13,GOOGL,0.0,0
2025-08-14,GOOGL,0.0,0
2025-08-15,GOOGL,0.0,0
2025-08-18,GOOGL,0.0,0
2025-08-19,GOOGL,0.0,0
2025-08-20,GOOGL,0.0,0
2025-08-21,GOOGL,0.0,0
2025-08-22,GOOGL,0.0,0
2025-08-25,GOOGL,0.0,0
2025-08-26,GOOGL,0.0,0
2025-08-27,GOOGL,0.0,0
2025-08-28,GOOGL,0.0,0
2025-08-29,GOOGL,0.0,0
2025-09-01,GOOGL,0.0,0
2025-09-02,GOOGL,0.0,0
2025-09-03,GOOGL,0.0,0
2025-09-04,GOOGL,0.0,0
2025-09-05,GOOGL,0.0,0
2025-09-08,GOOGL,0.0,0
2025-09-09,GOOGL,0.0,0
2025-09-10,GOOGL,0.0,0
2025-09-11,GOOGL,0.0,0
2025-09-12,GOOGL,0.0,0
2025-09-15,GOOGL,0.0,0
2025-09-16,GOOGL,0.0,0
2025-09-17,GOOGL,0.0,0
2025-09-18,GOOGL,0.0,0
2025-09-19,GOOGL,0.0,0
2025-09-22,GOOGL,0.0,0
2025-09-23,GOOGL,0.0,0
2025-09-24,GOOGL,0.0,0
2025-09-25,GOOGL,0.0,0
2025-09-26,GOOGL,0.0,0
2025-09-29,GOOGL,0.0,0
2025-09-30,GOOGL,0.0,0
2025-10-01,GOOGL,0.0,0
2025-10-02,GOOGL,0.0,0
2025-10-03,GOOGL,0.0,0
2025-10-06,GOOGL,0.0,0
2025-10-07,GOOGL,0.0,0
2025-10-08,GOOGL,0.0,0
2025-10-09,GOOGL,0.0,0
2025-10-10,GOOGL,0.0,0
2025-10-13,GOOGL,0.0,0
2025-10-14,GOOGL,0.0,0
2025-10-15,GOOGL,0.0,0
2025-10-16,GOOGL,0.0,0
2025-10-17,GOOGL,0.0,0
2025-10-20,GOOGL,0.0,0
2025-10-21,GOOGL,0.0,0
2025-10-22,GOOGL,0.0,0
2025-10-23,GOOGL,0.0,0
2025-10-24,GOOGL,0.0,0
2025-10-27,GOOGL,0.0,0
2025-10-28,GOOGL,0.0,0
2025-10-29,GOOGL,0.0,0
2025-10-30,GOOGL,0.0,0
2025-10-31,GOOGL,0.0,0
2025-11-03,GOOGL,0.0,0
2025-11-04,GOOGL,0.0,0
2025-11-05,GOOGL,0.0,0
2025-11-06,GOOGL,0.0,0
2025-11-07,GOOGL,0.0,0
2025-11-10,GOOGL,0.0,0
2025-11-11,GOOGL,0.0,0
2025-11-12,GOOGL,0.0,0
2025-11-13,GOOGL,0.0,0
2025-11-14,GOOGL,0.0,0
2025-11-17,GOOGL,0.0,0
2025-11-18,GOOGL,0.0,0
2025-11-19,GOOGL,0.0,0
2025-11-20,GOOGL,0.0,0
2025-11-21,GOOGL,0.0,0
2025-11-24,GOOGL,0.0,0
2025-11-25,GOOGL,0.0,0
2025-11-26,GOOGL,0.0,0
2025-11-27,GOOGL,0.0,0
2025-11-28,GOOGL,0.0,0
2025-12-01,GOOGL,0.0,0
2025-12-02,GOOGL,0.0,0
2025-12-03,GOOGL,0.0,0
2025-12-04,GOOGL,0.0,0
2025-12-05,GOOGL,0.0,0
2025-12-08,GOOGL,0.0,0
2025-12-09,GOOGL,0.0,0
2025-12-10,GOOGL,0.0,0
2025-12-11,GOOGL,0.0,0
2025-12-12,GOOGL,0.0,0
2025-12-15,GOOGL,0.0,0
2025-12-16,GOOGL,0.0,0
2025-12-17,GOOGL,0.0,0
2025-12-18,GOOGL,0.0,0
2025-12-19,GOOGL,0.0,0
2025-12-22,GOOGL,0.0,0
2025-12-23,GOOGL,0.0,0
2025-12-24,GOOGL,0.0,0
2025-12-25,GOOGL,0.0,0
2025-12-26,GOOGL,0.0,0
2025-12-29,GOOGL,0.0,0
2025-12-30,GOOGL,0.0,0
2025-12-31,GOOGL,0.0,0
2024-12-31,JNJ,0.0,0
2025-01-01,JNJ,0.0,0
2025-01-02,JNJ,0.0,0
2025-01-03,JNJ,0.0,0
2025-01-06,JNJ,0.0,0
2025-01-07,JNJ,0.0,0
2025-01-08,JNJ,0.0,0
2025-01-09,JNJ,0.0,0
2025-01-10,JNJ,0.0,0
2025-01-13,JNJ,0.0,0
2025-01-14,JNJ,0.0,0
2025-01-15,JNJ,0.0,0
2025-01-16,JNJ,0.0,0
2025-01-17,JNJ,0.0,0
2025-01-20,JNJ,0.0,0
2025-01-21,JNJ,0.0,0
2025-01-22,JNJ,0.0,0
2025-01-23,JNJ,0.0,0
2025-01-24,JNJ,0.0,0
2025-01-27,JNJ,0.0,0
2025-01-28,JNJ,0.0,0
2025-01-29,JNJ,0.0,0
2025-01-30,JNJ,0.0,0
2025-01-31,JNJ,0.0,0
2025-02-03,JNJ,0.0,0
2025-02-04,JNJ,0.0,0
2025-02-05,JNJ,0.0,0
2025-02-06,JNJ,0.0,0
2025-02-07,JNJ,0.0,0
2025-02-10,JNJ,0.0,0
2025-02-11,JNJ,0.0,0
2025-02-12,JNJ,0.0,0
2025-02-13,JNJ,0.0,0
2025-02-14,JNJ,0.0,0
2025-02-17,JNJ,0.0,0
2025-02-18,JNJ,0.0,0
2025-02-19,JNJ,0.0,0
2025-02-20,JNJ,0.0,0
2025-02-21,JNJ,0.0,0
2025-02-24,JNJ,0.0,0
2025-02-25,JNJ,0.0,0
2025-02-26,JNJ,0.0,0
2025-02-27,JNJ,0.0,0
2025-02-28,JNJ,0.0,0
2025-03-03,JNJ,0.0,0
2025-03-04,JNJ,0.0,0
2025-03-05,JNJ,0.0,0
2025-03-06,JNJ,0.0,0
2025-03-07,JNJ,0.0,0
2025-03-10,JNJ,0.0,0
2025-03-11,JNJ,0.0,0
2025-03-12,JNJ,0.0,0
2025-03-13,JNJ,0.0,0
2025-03-14,JNJ,0.0,0
2025-03-17,JNJ,0.0,0
2025-03-18,JNJ,0.0,0
2025-03-19,JNJ,0.0,0
2025-03-20,JNJ,0.0,0
2025-03-21,JNJ,0.0,0
2025-03-24,JNJ,0.0,0
2025-03-25,JNJ,0.0,0
2025-03-26,JNJ,0.0,0
2025-03-27,JNJ,0.0,0
2025-03-28,JNJ,0.0,0
2025-03-31,JNJ,0.0,0
2025-04-01,JNJ,0.0,0
2025-04-02,JNJ,0.0,0
2025-04-03,JNJ,0.0,0
2025-04-04,JNJ,0.0,0
2025-04-07,JNJ,0.0,0
2025-04-08,JNJ,0.0,0
2025-04-09,JNJ,0.0,0
2025-04-10,JNJ,0.0,0
2025-04-11,JNJ,0.0,0
2025-04-14,JNJ,0.0,0
2025-04-15,JNJ,0.0,0
2025-04-16,JNJ,0.0,0
2025-04-17,JNJ,0.0,0
2025-04-18,JNJ,0.0,0
2025-04-21,JNJ,0.0,0
2025-04-22,JNJ,0.0,0
2025-04-23,JNJ,0.0,0
2025-04-24,JNJ,0.0,0
2025-04-25,JNJ,0.0,0
2025-04-28,JNJ,0.0,0
2025-04-29,JNJ,0.0,0
2025-04-30,JNJ,0.0,0
2025-05-01,JNJ,0.0,0
2025-05-02,JNJ,0.0,0
2025-05-05,JNJ,0.0,0
2025-05-06,JNJ,0.0,0
2025-05-07,JNJ,0.0,0
2025-05-08,JNJ,0.0,0
2025-05-09,JNJ,0.0,0
2025-05-12,JNJ,0.0,0
2025-05-13,JNJ,0.0,0
2025-05-14,JNJ,0.0,0
2025-05-15,JNJ,0.0,0
2025-05-16,JNJ,0.0,0
2025-05-19,JNJ,0.0,0
2025-05-20,JNJ,0.0,0
2025-05-21,JNJ,0.0,0
2025-05-22,JNJ,0.0,0
2025-05-23,JNJ,0.0,0
2025-05-26,JNJ,0.0,0
2025-05-27,JNJ,0.0,0
2025-05-28,JNJ,0.0,0
2025-05-29,JNJ,0.0,0
2025-05-30,JNJ,0.0,0
2025-06-02,JNJ,0.0,0
2025-06-03,JNJ,0.0,0
2025-06-04,JNJ,0.0,0
2025-06-05,JNJ,0.0,0
2025-06-06,JNJ,0.0,0
2025-06-09,JNJ,0.0,0
2025-06-10,JNJ,0.0,0
2025-06-11,JNJ,0.0,0
2025-06-12,JNJ,0.0,0
2025-06-13,JNJ,0.0,0
2025-06-16,JNJ,0.0,0
2025-06-17,JNJ,0.0,0
2025-06-18,JNJ,0.0,0
2025-06-19,JNJ,0.0,0
2025-06-20,JNJ,0.0,0
2025-06-23,JNJ,0.0,0
2025-06-24,JNJ,0.0,0
2025-06-25,JNJ,0.0,0
2025-06-26,JNJ,0.0,0
2025-06-27,JNJ,0.0,0
2025-06-30,JNJ,0.0,0
2025-07-01,JNJ,0.0,0
2025-07-02,JNJ,0.0,0
2025-07-03,JNJ,0.0,0
2025-07-04,JNJ,0.0,0
2025-07-07,JNJ,0.0,0
2025-07-08,JNJ,0.0,0
2025-07-09,JNJ,0.0,0
2025-07-10,JNJ,0.0,0
2025-07-11,JNJ,0.0,0
2025-07-14,JNJ,0.0,0
2025-07-15,JNJ,0.0,0
2025-07-16,JNJ,0.0,0
2025-07-17,JNJ,0.0,0
2025-07-18,JNJ,0.0,0
2025-07-21,JNJ,0.0,0
2025-07-22,JNJ,0.0,0
2025-07-23,JNJ,0.0,0
2025-07-24,JNJ,0.0,0
2025-07-25,JNJ,0.0,0
2025-07-28,JNJ,0.0,0
2025-07-29,JNJ,0.0,0
2025-07-30,JNJ,0.0,0
2025-07-31,JNJ,0.0,0
2025-08-01,JNJ,0.0,0
2025-08-04,JNJ,0.0,0
2025-08-05,JNJ,0.0,0
2025-08-06,JNJ,0.0,0
2025-08-07,JNJ,0.0,0
2025-08-08,JNJ,0.0,0
2025-08-11,JNJ,0.0,0
2025-08-12,JNJ,0.0,0
2025-08-13,JNJ,0.0,0
2025-08-14,JNJ,0.0,0
2025-08-15,JNJ,0.0,0
2025-08-18,JNJ,0.0,0
2025-08-19,JNJ,0.0,0
2025-08-20,JNJ,0.0,0
2025-08-21,JNJ,0.0,0
2025-08-22,JNJ,0.0,0
2025-08-25,JNJ,0.0,0
2025-08-26,JNJ,0.0,0
2025-08-27,JNJ,0.0,0
2025-08-28,JNJ,0.0,0
2025-08-29,JNJ,0.0,0
2025-09-01,JNJ,0.0,0
2025-09-02,JNJ,0.0,0
2025-09-03,JNJ,0.0,0
2025-09-04,JNJ,0.0,0
2025-09-05,JNJ,0.0,0
2025-09-08,JNJ,0.0,0
2025-09-09,JNJ,0.0,0
2025-09-10,JNJ,0.0,0
2025-09-11,JNJ,0.0,0
2025-09-12,JNJ,0.0,0
2025-09-15,JNJ,0.0,0
2025-09-16,JNJ,0.0,0
2025-09-17,JNJ,0.0,0
2025-09-18,JNJ,0.0,0
2025-09-19,JNJ,0.0,0
2025-09-22,JNJ,0.0,0
2025-09-23,JNJ,0.0,0
2025-09-24,JNJ,0.0,0
2025-09-25,JNJ,0.0,0
2025-09-26,JNJ,0.0,0
2025-09-29,JNJ,0.0,0
2025-09-30,JNJ,0.0,0
2025-10-01,JNJ,0.0,0
2025-10-02,JNJ,0.0,0
2025-10-03,JNJ,0.0,0
2025-10-06,JNJ,0.0,0
2025-10-07,JNJ,0.0,0
2025-10-08,JNJ,0.0,0
2025-10-09,JNJ,0.0,0
2025-10-10,JNJ,0.0,0
2025-10-13,JNJ,0.0,0
2025-10-14,JNJ,0.0,0
2025-10-15,JNJ,0.0,0
2025-10-16,JNJ,0.0,0
2025-10-17,JNJ,0.0,0
2025-10-20,JNJ,0.0,0
2025-10-21,JNJ,0.0,0
2025-10-22,JNJ,0.0,0
2025-10-23,JNJ,0.0,0
2025-10-24,JNJ,0.0,0
2025-10-27,JNJ,0.0,0
2025-10-28,JNJ,0.0,0
2025-10-29,JNJ,0.0,0
2025-10-30,JNJ,0.0,0
2025-10-31,JNJ,0.0,0
2025-11-03,JNJ,0.0,0
2025-11-04,JNJ,0.0,0
2025-11-05,JNJ,0.0,0
2025-11-06,JNJ,0.0,0
2025-11-07,JNJ,0.0,0
2025-11-10,JNJ,0.0,0
2025-11-11,JNJ,0.0,0
2025-11-12,JNJ,0.0,0
2025-11-13,JNJ,0.0,0
2025-11-14,JNJ,0.0,0
2025-11-17,JNJ,0.0,0
2025-11-18,JNJ,0.0,0
2025-11-19,JNJ,0.0,0
2025-11-20,JNJ,0.0,0
2025-11-21,JNJ,0.0,0
2025-11-24,JNJ,0.0,0
2025-11-25,JNJ,0.0,0
2025-11-26,JNJ,0.0,0
2025-11-27,JNJ,0.0,0
2025-11-28,JNJ,0.0,0
2025-12-01,JNJ,0.0,0
2025-12-02,JNJ,0.0,0
2025-12-03,JNJ,0.0,0
2025-12-04,JNJ,0.0,0
2025-12-05,JNJ,0.0,0
2025-12-08,JNJ,0.0,0
2025-12-09,JNJ,0.0,0
2025-12-10,JNJ,0.0,0
2025-12-11,JNJ,0.0,0
2025-12-12,JNJ,0.0,0
2025-12-15,JNJ,0.0,0
2025-12-16,JNJ,0.0,0
2025-12-17,JNJ,0.0,0
2025-12-18,JNJ,0.0,0
2025-12-19,JNJ,0.0,0
2025-12-22,JNJ,0.0,0
2025-12-23,JNJ,0.0,0
2025-12-24,JNJ,0.0,0
2025-12-25,JNJ,0.0,0
2025-12-26,JNJ,0.0,0
2025-12-29,JNJ,0.0,0
2025-12-30,JNJ,0.0,0
2025-12-31,JNJ,0.0,0
2024-12-31,JPM,0.0,0
2025-01-01,JPM,0.0,0
2025-01-02,JPM,0.0,0
2025-01-03,JPM,0.0,0
2025-01-06,JPM,0.0,0
2025-01-07,JPM,0.0,0
2025-01-08,JPM,0.0,0
2025-01-09,JPM,0.0,0
2025-01-10,JPM,0.0,0
2025-01-13,JPM,0.0,0
2025-01-14,JPM,0.0,0
2025-01-15,JPM,0.0,0
2025-01-16,JPM,0.0,0
2025-01-17,JPM,0.0,0
2025-01-20,JPM,0.0,0
2025-01-21,JPM,0.0,0
2025-01-22,JPM,0.0,0
2025-01-23,JPM,0.0,0
2025-01-24,JPM,0.0,0
2025-01-27,JPM,0.0,0
2025-01-28,JPM,0.0,0
2025-01-29,JPM,0.0,0
2025-01-30,JPM,0.0,0
2025-01-31,JPM,0.0,0
2025-02-03,JPM,0.0,0
2025-02-04,JPM,0.0,0
2025-02-05,JPM,0.0,0
2025-02-06,JPM,0.0,0
2025-02-07,JPM,0.0,0
2025-02-10,JPM,0.0,0
2025-02-11,JPM,0.0,0
2025-02-12,JPM,0.0,0
2025-02-13,JPM,0.0,0
2025-02-14,JPM,0.0,0
2025-02-17,JPM,0.0,0
2025-02-18,JPM,0.0,0
2025-02-19,JPM,0.0,0
2025-02-20,JPM,0.0,0
2025-02-21,JPM,0.0,0
2025-02-24,JPM,0.0,0
2025-02-25,JPM,0.0,0
2025-02-26,JPM,0.0,0
2025-02-27,JPM,0.0,0
2025-02-28,JPM,0.0,0
2025-03-03,JPM,0.0,0
2025-03-04,JPM,0.0,0
2025-03-05,JPM,0.0,0
2025-03-06,JPM,0.0,0
2025-03-07,JPM,0.0,0
2025-03-10,JPM,0.0,0
2025-03-11,JPM,0.0,0
2025-03-12,JPM,0.0,0
2025-03-13,JPM,0.0,0
2025-03-14,JPM,0.0,0
2025-03-17,JPM,0.0,0
2025-03-18,JPM,0.0,0
2025-03-19,JPM,0.0,0
2025-03-20,JPM,0.0,0
2025-03-21,JPM,0.0,0
2025-03-24,JPM,0.0,0
2025-03-25,JPM,0.0,0
2025-03-26,JPM,0.0,0
2025-03-27,JPM,0.0,0
2025-03-28,JPM,0.0,0
2025-03-31,JPM,0.0,0
2025-04-01,JPM,0.0,0
2025-04-02,JPM,0.0,0
2025-04-03,JPM,0.0,0
2025-04-04,JPM,0.0,0
2025-04-07,JPM,0.0,0
2025-04-08,JPM,0.0,0
2025-04-09,JPM,0.0,0
2025-04-10,JPM,0.0,0
2025-04-11,JPM,0.0,0
2025-04-14,JPM,0.0,0
2025-04-15,JPM,0.0,0
2025-04-16,JPM,0.0,0
2025-04-17,JPM,0.0,0
2025-04-18,JPM,0.0,0
2025-04-21,JPM,0.0,0
2025-04-22,JPM,0.0,0
2025-04-23,JPM,0.0,0
2025-04-24,JPM,0.0,0
2025-04-25,JPM,0.0,0
2025-04-28,JPM,0.0,0
2025-04-29,JPM,0.0,0
2025-04-30,JPM,0.0,0
2025-05-01,JPM,0.0,0
2025-05-02,JPM,0.0,0
2025-05-05,JPM,0.0,0
2025-05-06,JPM,0.0,0
2025-05-07,JPM,0.0,0
2025-05-08,JPM,0.0,0
2025-05-09,JPM,0.0,0
2025-05-12,JPM,0.0,0
2025-05-13,JPM,0.0,0
2025-05-14,JPM,0.0,0
2025-05-15,JPM,0.0,0
2025-05-16,JPM,0.0,0
2025-05-19,JPM,0.0,0
2025-05-20,JPM,0.0,0
2025-05-21,JPM,0.0,0
2025-05-22,JPM,0.0,0
2025-05-23,JPM,0.0,0
2025-05-26,JPM,0.0,0
2025-05-27,JPM,0.0,0
2025-05-28,JPM,0.0,0
2025-05-29,JPM,0.0,0
2025-05-30,JPM,0.0,0
2025-06-02,JPM,0.0,0
2025-06-03,JPM,0.0,0
2025-06-04,JPM,0.0,0
2025-06-05,JPM,0.0,0
2025-06-06,JPM,0.0,0
2025-06-09,JPM,0.0,0
2025-06-10,JPM,0.0,0
2025-06-11,JPM,0.0,0
2025-06-12,JPM,0.0,0
2025-06-13,JPM,0.0,0
2025-06-16,JPM,0.0,0
2025-06-17,JPM,0.0,0
2025-06-18,JPM,0.0,0
2025-06-19,JPM,0.0,0
2025-06-20,JPM,0.0,0
2025-06-23,JPM,0.0,0
2025-06-24,JPM,0.0,0
2025-06-25,JPM,0.0,0
2025-06-26,JPM,0.0,0
2025-06-27,JPM,0.0,0
2025-06-30,JPM,0.0,0
2025-07-01,JPM,0.0,0
2025-07-02,JPM,0.0,0
2025-07-03,JPM,0.0,0
2025-07-04,JPM,0.0,0
2025-07-07,JPM,0.0,0
2025-07-08,JPM,0.0,0
2025-07-09,JPM,0.0,0
2025-07-10,JPM,0.0,0
2025-07-11,JPM,0.0,0
2025-07-14,JPM,0.0,0
2025-07-15,JPM,0.0,0
2025-07-16,JPM,0.0,0
2025-07-17,JPM,0.0,0
2025-07-18,JPM,0.0,0
2025-07-21,JPM,0.0,0
2025-07-22,JPM,0.0,0
2025-07-23,JPM,0.0,0
2025-07-24,JPM,0.0,0
2025-07-25,JPM,0.0,0
2025-07-28,JPM,0.0,0
2025-07-29,JPM,0.0,0
2025-07-30,JPM,0.0,0
2025-07-31,JPM,0.0,0
2025-08-01,JPM,0.0,0
2025-08-04,JPM,0.0,0
2025-08-05,JPM,0.0,0
2025-08-06,JPM,0.0,0
2025-08-07,JPM,0.0,0
2025-08-08,JPM,0.0,0
2025-08-11,JPM,0.0,0
2025-08-12,JPM,0.0,0
2025-08-13,JPM,0.0,0
2025-08-14,JPM,0.0,0
2025-08-15,JPM,0.0,0
2025-08-18,JPM,0.0,0
2025-08-19,JPM,0.0,0
2025-08-20,JPM,0.0,0
2025-08-21,JPM,0.0,0
2025-08-22,JPM,0.0,0
2025-08-25,JPM,0.0,0
2025-08-26,JPM,0.0,0
2025-08-27,JPM,0.0,0
2025-08-28,JPM,0.0,0
2025-08-29,JPM,0.0,0
2025-09-01,JPM,0.0,0
2025-09-02,JPM,0.0,0
2025-09-03,JPM,0.0,0
2025-09-04,JPM,0.0,0
2025-09-05,JPM,0.0,0
2025-09-08,JPM,0.0,0
2025-09-09,JPM,0.0,0
2025-09-10,JPM,0.0,0
2025-09-11,JPM,0.0,0
2025-09-12,JPM,0.0,0
2025-09-15,JPM,0.0,0
2025-09-16,JPM,0.0,0
2025-09-17,JPM,0.0,0
2025-09-18,JPM,0.0,0
2025-09-19,JPM,0.0,0
2025-09-22,JPM,0.0,0
2025-09-23,JPM,0.0,0
2025-09-24,JPM,0.0,0
2025-09-25,JPM,0.0,0
2025-09-26,JPM,0.0,0
2025-09-29,JPM,0.0,0
2025-09-30,JPM,0.0,0
2025-10-01,JPM,0.0,0
2025-10-02,JPM,0.0,0
2025-10-03,JPM,0.0,0
2025-10-06,JPM,0.0,0
2025-10-07,JPM,0.0,0
2025-10-08,JPM,0.0,0
2025-10-09,JPM,0.0,0
2025-10-10,JPM,0.0,0
2025-10-13,JPM,0.0,0
2025-10-14,JPM,0.0,0
2025-10-15,JPM,0.0,0
2025-10-16,JPM,0.0,0
2025-10-17,JPM,0.0,0
2025-10-20,JPM,0.0,0
2025-10-21,JPM,0.0,0
2025-10-22,JPM,0.0,0
2025-10-23,JPM,0.0,0
2025-10-24,JPM,0.0,0
2025-10-27,JPM,0.0,0
2025-10-28,JPM,0.0,0
2025-10-29,JPM,0.0,0
2025-10-30,JPM,0.0,0
2025-10-31,JPM,0.0,0
2025-11-03,JPM,0.0,0
2025-11-04,JPM,0.0,0
2025-11-05,JPM,0.0,0
2025-11-06,JPM,0.0,0
2025-11-07,JPM,0.0,0
2025-11-10,JPM,0.0,0
2025-11-11,JPM,0.0,0
2025-11-12,JPM,0.0,0
2025-11-13,JPM,0.0,0
2025-11-14,JPM,0.0,0
2025-11-17,JPM,0.0,0
2025-11-18,JPM,0.0,0
2025-11-19,JPM,0.0,0
2025-11-20,JPM,0.0,0
2025-11-21,JPM,0.0,0
2025-11-24,JPM,0.0,0
2025-11-25,JPM,0.0,0
2025-11-26,JPM,0.0,0
2025-11-27,JPM,0.0,0
2025-11-28,JPM,0.0,0
2025-12-01,JPM,0.0,0
2025-12-02,JPM,0.0,0
2025-12-03,JPM,0.0,0
2025-12-04,JPM,0.0,0
2025-12-05,JPM,0.0,0
2025-12-08,JPM,0.0,0
2025-12-09,JPM,0.0,0
2025-12-10,JPM,0.0,0
2025-12-11,JPM,0.0,0
2025-12-12,JPM,0.0,0
2025-12-15,JPM,0.0,0
2025-12-16,JPM,0.0,0
2025-12-17,JPM,0.0,0
2025-12-18,JPM,0.0,0
2025-12-19,JPM,0.0,0
2025-12-22,JPM,0.0,0
2025-12-23,JPM,0.0,0
2025-12-24,JPM,0.0,0
2025-12-25,JPM,0.0,0
2025-12-26,JPM,0.0,0
2025-12-29,JPM,0.0,0
2025-12-30,JPM,0.0,0
2025-12-31,JPM,0.0,0
2024-12-31,META,0.0,0
2025-01-01,META,0.0,0
2025-01-02,META,0.0,0
2025-01-03,META,0.0,0
2025-01-06,META,0.0,0
2025-01-07,META,0.0,0
2025-01-08,META,0.0,0
2025-01-09,META,0.0,0
2025-01-10,META,0.0,0
2025-01-13,META,0.0,0
2025-01-14,META,0.0,0
2025-01-15,META,0.0,0
2025-01-16,META,0.0,0
2025-01-17,META,0.0,0
2025-01-20,META,0.0,0
2025-01-21,META,0.0,0
2025-01-22,META,0.0,0
2025-01-23,META,0.0,0
2025-01-24,META,0.0,0
2025-01-27,META,0.0,0
2025-01-28,META,0.0,0
2025-01-29,META,0.0,0
2025-01-30,META,0.0,0
2025-01-31,META,0.0,0
2025-02-03,META,0.0,0
2025-02-04,META,0.0,0
2025-02-05,META,0.0,0
2025-02-06,META,0.0,0
2025-02-07,META,0.0,0
2025-02-10,META,0.0,0
2025-02-11,META,0.0,0
2025-02-12,META,0.0,0
2025-02-13,META,0.0,0
2025-02-14,META,0.0,0
2025-02-17,META,0.0,0
2025-02-18,META,0.0,0
2025-02-19,META,0.0,0
2025-02-20,META,0.0,0
2025-02-21,META,0.0,0
2025-02-24,META,0.0,0
2025-02-25,META,0.0,0
2025-02-26,META,0.0,0
2025-02-27,META,0.0,0
2025-02-28,META,0.0,0
2025-03-03,META,0.0,0
2025-03-04,META,0.0,0
2025-03-05,META,0.0,0
2025-03-06,META,0.0,0
2025-03-07,META,0.0,0
2025-03-10,META,0.0,0
2025-03-11,META,0.0,0
2025-03-12,META,0.0,0
2025-03-13,META,0.0,0
2025-03-14,META,0.0,0
2025-03-17,META,0.0,0
2025-03-18,META,0.0,0
2025-03-19,META,0.0,0
2025-03-20,META,0.0,0
2025-03-21,META,0.0,0
2025-03-24,META,0.0,0
2025-03-25,META,0.0,0
2025-03-26,META,0.0,0
2025-03-27,META,0.0,0
2025-03-28,META,0.0,0
2025-03-31,META,0.0,0
2025-04-01,META,0.0,0
2025-04-02,META,0.0,0
2025-04-03,META,0.0,0
2025-04-04,META,0.0,0
2025-04-07,META,0.0,0
2025-04-08,META,0.0,0
2025-04-09,META,0.0,0
2025-04-10,META,0.0,0
2025-04-11,META,0.0,0
2025-04-14,META,0.0,0
2025-04-15,META,0.0,0
2025-04-16,META,0.0,0
2025-04-17,META,0.0,0
2025-04-18,META,0.0,0
2025-04-21,META,0.0,0
2025-04-22,META,0.0,0
2025-04-23,META,0.0,0
2025-04-24,META,0.0,0
2025-04-25,META,0.0,0
2025-04-28,META,0.0,0
2025-04-29,META,0.0,0
2025-04-30,META,0.0,0
2025-05-01,META,0.0,0
2025-05-02,META,0.0,0
2025-05-05,META,0.0,0
2025-05-06,META,0.0,0
2025-05-07,META,0.0,0
2025-05-08,META,0.0,0
2025-05-09,META,0.0,0
2025-05-12,META,0.0,0
2025-05-13,META,0.0,0
2025-05-14,META,0.0,0
2025-05-15,META,0.0,0
2025-05-16,META,0.0,0
2025-05-19,META,0.0,0
2025-05-20,META,0.0,0
2025-05-21,META,0.0,0
2025-05-22,META,0.0,0
2025-05-23,META,0.0,0
2025-05-26,META,0.0,0
2025-05-27,META,0.0,0
2025-05-28,META,0.0,0
2025-05-29,META,0.0,0
2025-05-30,META,0.0,0
2025-06-02,META,0.0,0
2025-06-03,META,0.0,0
2025-06-04,META,0.0,0
2025-06-05,META,0.0,0
2025-06-06,META,0.0,0
2025-06-09,META,0.0,0
2025-06-10,META,0.0,0
2025-06-11,META,0.0,0
2025-06-12,META,0.0,0
2025-06-13,META,0.0,0
2025-06-16,META,0.0,0
2025-06-17,META,0.0,0
2025-06-18,META,0.0,0
2025-06-19,META,0.0,0
2025-06-20,META,0.0,0
2025-06-23,META,0.0,0
2025-06-24,META,0.0,0
2025-06-25,META,0.0,0
2025-06-26,META,0.0,0
2025-06-27,META,0.0,0
2025-06-30,META,0.0,0
2025-07-01,META,0.0,0
2025-07-02,META,0.0,0
2025-07-03,META,0.0,0
2025-07-04,META,0.0,0
2025-07-07,META,0.0,0
2025-07-08,META,0.0,0
2025-07-09,META,0.0,0
2025-07-10,META,0.0,0
2025-07-11,META,0.0,0
2025-07-14,META,0.0,0
2025-07-15,META,0.0,0
2025-07-16,META,0.0,0
2025-07-17,META,0.0,0
2025-07-18,META,0.0,0
2025-07-21,META,0.0,0
2025-07-22,META,0.0,0
2025-07-23,META,0.0,0
2025-07-24,META,0.0,0
2025-07-25,META,0.0,0
2025-07-28,META,0.0,0
2025-07-29,META,0.0,0
2025-07-30,META,0.0,0
2025-07-31,META,0.0,0
2025-08-01,META,0.0,0
2025-08-04,META,0.0,0
2025-08-05,META,0.0,0
2025-08-06,META,0.0,0
2025-08-07,META,0.0,0
2025-08-08,META,0.0,0
2025-08-11,META,0.0,0
2025-08-12,META,0.0,0
2025-08-13,META,0.0,0
2025-08-14,META,0.0,0
2025-08-15,META,0.0,0
2025-08-18,META,0.0,0
2025-08-19,META,0.0,0
2025-08-20,META,0.0,0
2025-08-21,META,0.0,0
2025-08-22,META,0.0,0
2025-08-25,META,0.0,0
2025-08-26,META,0.0,0
2025-08-27,META,0.0,0
2025-08-28,META,0.0,0
2025-08-29,META,0.0,0
2025-09-01,META,0.0,0
2025-09-02,META,0.0,0
2025-09-03,META,0.0,0
2025-09-04,META,0.0,0
2025-09-05,META,0.0,0
2025-09-08,META,0.0,0
2025-09-09,META,0.0,0
2025-09-10,META,0.0,0
2025-09-11,META,0.0,0
2025-09-12,META,0.0,0
2025-09-15,META,0.0,0
2025-09-16,META,0.0,0
2025-09-17,META,0.0,0
2025-09-18,META,0.0,0
2025-09-19,META,0.0,0
2025-09-22,META,0.0,0
2025-09-23,META,0.0,0
2025-09-24,META,0.0,0
2025-09-25,META,0.0,0
2025-09-26,META,0.0,0
2025-09-29,META,0.0,0
2025-09-30,META,0.0,0
2025-10-01,META,0.0,0
2025-10-02,META,0.0,0
2025-10-03,META,0.0,0
2025-10-06,META,0.0,0
2025-10-07,META,0.0,0
2025-10-08,META,0.0,0
2025-10-09,META,0.0,0
2025-10-10,META,0.0,0
2025-10-13,META,0.0,0
2025-10-14,META,0.0,0
2025-10-15,META,0.0,0
2025-10-16,META,0.0,0
2025-10-17,META,0.0,0
2025-10-20,META,0.0,0
2025-10-21,META,0.0,0
2025-10-22,META,0.0,0
2025-10-23,META,0.0,0
2025-10-24,META,0.0,0
2025-10-27,META,0.0,0
2025-10-28,META,0.0,0
2025-10-29,META,0.0,0
2025-10-30,META,0.0,0
2025-10-31,META,0.0,0
2025-11-03,META,0.0,0
2025-11-04,META,0.0,0
2025-11-05,META,0.0,0
2025-11-06,META,0.0,0
2025-11-07,META,0.0,0
2025-11-10,META,0.0,0
2025-11-11,META,0.0,0
2025-11-12,META,0.0,0
2025-11-13,META,0.0,0
2025-11-14,META,0.0,0
2025-11-17,META,0.0,0
2025-11-18,META,0.0,0
2025-11-19,META,0.0,0
2025-11-20,META,0.0,0
2025-11-21,META,0.0,0
2025-11-24,META,0.0,0
2025-11-25,META,0.0,0
2025-11-26,META,0.0,0
2025-11-27,META,0.0,0
2025-11-28,META,0.0,0
2025-12-01,META,0.0,0
2025-12-02,META,0.0,0
2025-12-03,META,0.0,0
2025-12-04,META,0.0,0
2025-12-05,META,0.0,0
2025-12-08,META,0.0,0
2025-12-09,META,0.0,0
2025-12-10,META,0.0,0
2025-12-11,META,0.0,0
2025-12-12,META,0.0,0
2025-12-15,META,0.0,0
2025-12-16,META,0.0,0
2025-12-17,META,0.0,0
2025-12-18,META,0.0,0
2025-12-19,META,0.0,0
2025-12-22,META,0.0,0
2025-12-23,META,0.0,0
2025-12-24,META,0.0,0
2025-12-25,META,0.0,0
2025-12-26,META,0.0,0
2025-12-29,META,0.0,0
2025-12-30,META,0.0,0
2025-12-31,META,0.0,0
2024-12-31,MSFT,0.0,0
2025-01-01,MSFT,0.0,0
2025-01-02,MSFT,0.0,0
2025-01-03,MSFT,0.0,0
2025-01-06,MSFT,0.0,0
2025-01-07,MSFT,0.0,0
2025-01-08,MSFT,0.0,0
2025-01-09,MSFT,0.0,0
2025-01-10,MSFT,0.0,0
2025-01-13,MSFT,0.0,0
2025-01-14,MSFT,0.0,0
2025-01-15,MSFT,0.0,0
2025-01-16,MSFT,0.0,0
2025-01-17,MSFT,0.0,0
2025-01-20,MSFT,0.0,0
2025-01-21,MSFT,0.0,0
2025-01-22,MSFT,0.0,0
2025-01-23,MSFT,0.0,0
2025-01-24,MSFT,0.0,0
2025-01-27,MSFT,0.0,0
2025-01-28,MSFT,0.0,0
2025-01-29,MSFT,0.0,0
2025-01-30,MSFT,0.0,0
2025-01-31,MSFT,0.0,0
2025-02-03,MSFT,0.0,0
2025-02-04,MSFT,0.0,0
2025-02-05,MSFT,0.0,0
2025-02-06,MSFT,0.0,0
2025-02-07,MSFT,0.0,0
2025-02-10,MSFT,0.0,0
2025-02-11,MSFT,0.0,0
2025-02-12,MSFT,0.0,0
2025-02-13,MSFT,0.0,0
2025-02-14,MSFT,0.0,0
2025-02-17,MSFT,0.0,0
2025-02-18,MSFT,0.0,0
2025-02-19,MSFT,0.0,0
2025-02-20,MSFT,0.0,0
2025-02-21,MSFT,0.0,0
2025-02-24,MSFT,0.0,0
2025-02-25,MSFT,0.0,0
2025-02-26,MSFT,0.0,0
2025-02-27,MSFT,0.0,0
2025-02-28,MSFT,0.0,0
2025-03-03,MSFT,0.0,0
2025-03-04,MSFT,0.0,0
2025-03-05,MSFT,0.0,0
2025-03-06,MSFT,0.0,0
2025-03-07,MSFT,0.0,0
2025-03-10,MSFT,0.0,0
2025-03-11,MSFT,0.0,0
2025-03-12,MSFT,0.0,0
2025-03-13,MSFT,0.0,0
2025-03-14,MSFT,0.0,0
2025-03-17,MSFT,0.0,0
2025-03-18,MSFT,0.0,0
2025-03-19,MSFT,0.0,0
2025-03-20,MSFT,0.0,0
2025-03-21,MSFT,0.0,0
2025-03-24,MSFT,0.0,0
2025-03-25,MSFT,0.0,0
2025-03-26,MSFT,0.0,0
2025-03-27,MSFT,0.0,0
2025-03-28,MSFT,0.0,0
2025-03-31,MSFT,0.0,0
2025-04-01,MSFT,0.0,0
2025-04-02,MSFT,0.0,0
2025-04-03,MSFT,0.0,0
2025-04-04,MSFT,0.0,0
2025-04-07,MSFT,0.0,0
2025-04-08,MSFT,0.0,0
2025-04-09,MSFT,0.0,0
2025-04-10,MSFT,0.0,0
2025-04-11,MSFT,0.0,0
2025-04-14,MSFT,0.0,0
2025-04-15,MSFT,0.0,0
2025-04-16,MSFT,0.0,0
2025-04-17,MSFT,0.0,0
2025-04-18,MSFT,0.0,0
2025-04-21,MSFT,0.0,0
2025-04-22,MSFT,0.0,0
2025-04-23,MSFT,0.0,0
2025-04-24,MSFT,0.0,0
2025-04-25,MSFT,0.0,0
2025-04-28,MSFT,0.0,0
2025-04-29,MSFT,0.0,0
2025-04-30,MSFT,0.0,0
2025-05-01,MSFT,0.0,0
2025-05-02,MSFT,0.0,0
2025-05-05,MSFT,0.0,0
2025-05-06,MSFT,0.0,0
2025-05-07,MSFT,0.0,0
2025-05-08,MSFT,0.0,0
2025-05-09,MSFT,0.0,0
2025-05-12,MSFT,0.0,0
2025-05-13,MSFT,0.0,0
2025-05-14,MSFT,0.0,0
2025-05-15,MSFT,0.0,0
2025-05-16,MSFT,0.0,0
2025-05-19,MSFT,0.0,0
2025-05-20,MSFT,0.0,0
2025-05-21,MSFT,0.0,0
2025-05-22,MSFT,0.0,0
2025-05-23,MSFT,0.0,0
2025-05-26,MSFT,0.0,0
2025-05-27,MSFT,0.0,0
2025-05-28,MSFT,0.0,0
2025-05-29,MSFT,0.0,0
2025-05-30,MSFT,0.0,0
2025-06-02,MSFT,0.0,0
2025-06-03,MSFT,0.0,0
2025-06-04,MSFT,0.0,0
2025-06-05,MSFT,0.0,0
2025-06-06,MSFT,0.0,0
2025-06-09,MSFT,0.0,0
2025-06-10,MSFT,0.0,0
2025-06-11,MSFT,0.0,0
2025-06-12,MSFT,0.0,0
2025-06-13,MSFT,0.0,0
2025-06-16,MSFT,0.0,0
2025-06-17,MSFT,0.0,0
2025-06-18,MSFT,0.0,0
2025-06-19,MSFT,0.0,0
2025-06-20,MSFT,0.0,0
2025-06-23,MSFT,0.0,0
2025-06-24,MSFT,0.0,0
2025-06-25,MSFT,0.0,0
2025-06-26,MSFT,0.0,0
2025-06-27,MSFT,0.0,0
2025-06-30,MSFT,0.0,0
2025-07-01,MSFT,0.0,0
2025-07-02,MSFT,0.0,0
2025-07-03,MSFT,0.0,0
2025-07-04,MSFT,0.0,0
2025-07-07,MSFT,0.0,0
2025-07-08,MSFT,0.0,0
2025-07-09,MSFT,0.0,0
2025-07-10,MSFT,0.0,0
2025-07-11,MSFT,0.0,0
2025-07-14,MSFT,0.0,0
2025-07-15,MSFT,0.0,0
2025-07-16,MSFT,0.0,0
2025-07-17,MSFT,0.0,0
2025-07-18,MSFT,0.0,0
2025-07-21,MSFT,0.0,0
2025-07-22,MSFT,0.0,0
2025-07-23,MSFT,0.0,0
2025-07-24,MSFT,0.0,0
2025-07-25,MSFT,0.0,0
2025-07-28,MSFT,0.0,0
2025-07-29,MSFT,0.0,0
2025-07-30,MSFT,0.0,0
2025-07-31,MSFT,0.0,0
2025-08-01,MSFT,0.0,0
2025-08-04,MSFT,0.0,0
2025-08-05,MSFT,0.0,0
2025-08-06,MSFT,0.0,0
2025-08-07,MSFT,0.0,0
2025-08-08,MSFT,0.0,0
2025-08-11,MSFT,0.0,0
2025-08-12,MSFT,0.0,0
2025-08-13,MSFT,0.0,0
2025-08-14,MSFT,0.0,0
2025-08-15,MSFT,0.0,0
2025-08-18,MSFT,0.0,0
2025-08-19,MSFT,0.0,0
2025-08-20,MSFT,0.0,0
2025-08-21,MSFT,0.0,0
2025-08-22,MSFT,0.0,0
2025-08-25,MSFT,0.0,0
2025-08-26,MSFT,0.0,0
2025-08-27,MSFT,0.0,0
2025-08-28,MSFT,0.0,0
2025-08-29,MSFT,0.0,0
2025-09-01,MSFT,0.0,0
2025-09-02,MSFT,0.0,0
2025-09-03,MSFT,0.0,0
2025-09-04,MSFT,0.0,0
2025-09-05,MSFT,0.0,0
2025-09-08,MSFT,0.0,0
2025-09-09,MSFT,0.0,0
2025-09-10,MSFT,0.0,0
2025-09-11,MSFT,0.0,0
2025-09-12,MSFT,0.0,0
2025-09-15,MSFT,0.0,0
2025-09-16,MSFT,0.0,0
2025-09-17,MSFT,0.0,0
2025-09-18,MSFT,0.0,0
2025-09-19,MSFT,0.0,0
2025-09-22,MSFT,0.0,0
2025-09-23,MSFT,0.0,0
2025-09-24,MSFT,0.0,0
2025-09-25,MSFT,0.0,0
2025-09-26,MSFT,0.0,0
2025-09-29,MSFT,0.0,0
2025-09-30,MSFT,0.0,0
2025-10-01,MSFT,0.0,0
2025-10-02,MSFT,0.0,0
2025-10-03,MSFT,0.0,0
2025-10-06,MSFT,0.0,0
2025-10-07,MSFT,0.0,0
2025-10-08,MSFT,0.0,0
2025-10-09,MSFT,0.0,0
2025-10-10,MSFT,0.0,0
2025-10-13,MSFT,0.0,0
2025-10-14,MSFT,0.0,0
2025-10-15,MSFT,0.0,0
2025-10-16,MSFT,0.0,0
2025-10-17,MSFT,0.0,0
2025-10-20,MSFT,0.0,0
2025-10-21,MSFT,0.0,0
2025-10-22,MSFT,0.0,0
2025-10-23,MSFT,0.0,0
2025-10-24,MSFT,0.0,0
2025-10-27,MSFT,0.0,0
2025-10-28,MSFT,0.0,0
2025-10-29,MSFT,0.0,0
2025-10-30,MSFT,0.0,0
2025-10-31,MSFT,0.0,0
2025-11-03,MSFT,0.0,0
2025-11-04,MSFT,0.0,0
2025-11-05,MSFT,0.0,0
2025-11-06,MSFT,0.0,0
2025-11-07,MSFT,0.0,0
2025-11-10,MSFT,0.0,0
2025-11-11,MSFT,0.0,0
2025-11-12,MSFT,0.0,0
2025-11-13,MSFT,0.0,0
2025-11-14,MSFT,0.0,0
2025-11-17,MSFT,0.0,0
2025-11-18,MSFT,0.0,0
2025-11-19,MSFT,0.0,0
2025-11-20,MSFT,0.0,0
2025-11-21,MSFT,0.0,0
2025-11-24,MSFT,0.0,0
2025-11-25,MSFT,0.0,0
2025-11-26,MSFT,0.0,0
2025-11-27,MSFT,0.0,0
2025-11-28,MSFT,0.0,0
2025-12-01,MSFT,0.0,0
2025-12-02,MSFT,0.0,0
2025-12-03,MSFT,0.0,0
2025-12-04,MSFT,0.0,0
2025-12-05,MSFT,0.0,0
2025-12-08,MSFT,0.0,0
2025-12-09,MSFT,0.0,0
2025-12-10,MSFT,0.0,0
2025-12-11,MSFT,0.0,0
2025-12-12,MSFT,0.0,0
2025-12-15,MSFT,0.0,0
2025-12-16,MSFT,0.0,0
2025-12-17,MSFT,0.0,0
2025-12-18,MSFT,0.0,0
2025-12-19,MSFT,0.0,0
2025-12-22,MSFT,0.0,0
2025-12-23,MSFT,0.0,0
2025-12-24,MSFT,0.0,0
2025-12-25,MSFT,0.0,0
2025-12-26,MSFT,0.0,0
2025-12-29,MSFT,0.0,0
2025-12-30,MSFT,0.0,0
2025-12-31,MSFT,0.0,0
2024-12-31,NFLX,0.0,0
2025-01-01,NFLX,0.0,0
2025-01-02,NFLX,0.0,0
2025-01-03,NFLX,0.0,0
2025-01-06,NFLX,0.0,0
2025-01-07,NFLX,0.0,0
2025-01-08,NFLX,0.0,0
2025-01-09,NFLX,0.0,0
2025-01-10,NFLX,0.0,0
2025-01-13,NFLX,0.0,0
2025-01-14,NFLX,0.0,0
2025-01-15,NFLX,0.0,0
2025-01-16,NFLX,0.0,0
2025-01-17,NFLX,0.0,0
2025-01-20,NFLX,0.0,0
2025-01-21,NFLX,0.0,0
2025-01-22,NFLX,0.0,0
2025-01-23,NFLX,0.0,0
2025-01-24,NFLX,0.0,0
2025-01-27,NFLX,0.0,0
2025-01-28,NFLX,0.0,0
2025-01-29,NFLX,0.0,0
2025-01-30,NFLX,0.0,0
2025-01-31,NFLX,0.0,0
2025-02-03,NFLX,0.0,0
2025-02-04,NFLX,0.0,0
2025-02-05,NFLX,0.0,0
2025-02-06,NFLX,0.0,0
2025-02-07,NFLX,0.0,0
2025-02-10,NFLX,0.0,0
2025-02-11,NFLX,0.0,0
2025-02-12,NFLX,0.0,0
2025-02-13,NFLX,0.0,0
2025-02-14,NFLX,0.0,0
2025-02-17,NFLX,0.0,0
2025-02-18,NFLX,0.0,0
2025-02-19,NFLX,0.0,0
2025-02-20,NFLX,0.0,0
2025-02-21,NFLX,0.0,0
2025-02-24,NFLX,0.0,0
2025-02-25,NFLX,0.0,0
2025-02-26,NFLX,0.0,0
2025-02-27,NFLX,0.0,0
2025-02-28,NFLX,0.0,0
2025-03-03,NFLX,0.0,0
2025-03-04,NFLX,0.0,0
2025-03-05,NFLX,0.0,0
2025-03-06,NFLX,0.0,0
2025-03-07,NFLX,0.0,0
2025-03-10,NFLX,0.0,0
2025-03-11,NFLX,0.0,0
2025-03-12,NFLX,0.0,0
2025-03-13,NFLX,0.0,0
2025-03-14,NFLX,0.0,0
2025-03-17,NFLX,0.0,0
2025-03-18,NFLX,0.0,0
2025-03-19,NFLX,0.0,0
2025-03-20,NFLX,0.0,0
2025-03-21,NFLX,0.0,0
2025-03-24,NFLX,0.0,0
2025-03-25,NFLX,0.0,0
2025-03-26,NFLX,0.0,0
2025-03-27,NFLX,0.0,0
2025-03-28,NFLX,0.0,0
2025-03-31,NFLX,0.0,0
2025-04-01,NFLX,0.0,0
2025-04-02,NFLX,0.0,0
2025-04-03,NFLX,0.0,0
2025-04-04,NFLX,0.0,0
2025-04-07,NFLX,0.0,0
2025-04-08,NFLX,0.0,0
2025-04-09,NFLX,0.0,0
2025-04-10,NFLX,0.0,0
2025-04-11,NFLX,0.0,0
2025-04-14,NFLX,0.0,0
2025-04-15,NFLX,0.0,0
2025-04-16,NFLX,0.0,0
2025-04-17,NFLX,0.0,0
2025-04-18,NFLX,0.0,0
2025-04-21,NFLX,0.0,0
2025-04-22,NFLX,0.0,0
2025-04-23,NFLX,0.0,0
2025-04-24,NFLX,0.0,0
2025-04-25,NFLX,0.0,0
2025-04-28,NFLX,0.0,0
2025-04-29,NFLX,0.0,0
2025-04-30,NFLX,0.0,0
2025-05-01,NFLX,0.0,0
2025-05-02,NFLX,0.0,0
2025-05-05,NFLX,0.0,0
2025-05-06,NFLX,0.0,0
2025-05-07,NFLX,0.0,0
2025-05-08,NFLX,0.0,0
2025-05-09,NFLX,0.0,0
2025-05-12,NFLX,0.0,0
2025-05-13,NFLX,0.0,0
2025-05-14,NFLX,0.0,0
2025-05-15,NFLX,0.0,0
2025-05-16,NFLX,0.0,0
2025-05-19,NFLX,0.0,0
2025-05-20,NFLX,0.0,0
2025-05-21,NFLX,0.0,0
2025-05-22,NFLX,0.0,0
2025-05-23,NFLX,0.0,0
2025-05-26,NFLX,0.0,0
2025-05-27,NFLX,0.0,0
2025-05-28,NFLX,0.0,0
2025-05-29,NFLX,0.0,0
2025-05-30,NFLX,0.0,0
2025-06-02,NFLX,0.0,0
2025-06-03,NFLX,0.0,0
2025-06-04,NFLX,0.0,0
2025-06-05,NFLX,0.0,0
2025-06-06,NFLX,0.0,0
2025-06-09,NFLX,0.0,0
2025-06-10,NFLX,0.0,0
2025-06-11,NFLX,0.0,0
2025-06-12,NFLX,0.0,0
2025-06-13,NFLX,0.0,0
2025-06-16,NFLX,0.0,0
2025-06-17,NFLX,0.0,0
2025-06-18,NFLX,0.0,0
2025-06-19,NFLX,0.0,0
2025-06-20,NFLX,0.0,0
2025-06-23,NFLX,0.0,0
2025-06-24,NFLX,0.0,0
2025-06-25,NFLX,0.0,0
2025-06-26,NFLX,0.0,0
2025-06-27,NFLX,0.0,0
2025-06-30,NFLX,0.0,0
2025-07-01,NFLX,0.0,0
2025-07-02,NFLX,0.0,0
2025-07-03,NFLX,0.0,0
2025-07-04,NFLX,0.0,0
2025-07-07,NFLX,0.0,0
2025-07-08,NFLX,0.0,0
2025-07-09,NFLX,0.0,0
2025-07-10,NFLX,0.0,0
2025-07-11,NFLX,0.0,0
2025-07-14,NFLX,0.0,0
2025-07-15,NFLX,0.0,0
2025-07-16,NFLX,0.0,0
2025-07-17,NFLX,0.0,0
2025-07-18,NFLX,0.0,0
2025-07-21,NFLX,0.0,0
2025-07-22,NFLX,0.0,0
2025-07-23,NFLX,0.0,0
2025-07-24,NFLX,0.0,0
2025-07-25,NFLX,0.0,0
2025-07-28,NFLX,0.0,0
2025-07-29,NFLX,0.0,0
2025-07-30,NFLX,0.0,0
2025-07-31,NFLX,0.0,0
2025-08-01,NFLX,0.0,0
2025-08-04,NFLX,0.0,0
2025-08-05,NFLX,0.0,0
2025-08-06,NFLX,0.0,0
2025-08-07,NFLX,0.0,0
2025-08-08,NFLX,0.0,0
2025-08-11,NFLX,0.0,0
2025-08-12,NFLX,0.0,0
2025-08-13,NFLX,0.0,0
2025-08-14,NFLX,0.0,0
2025-08-15,NFLX,0.0,0
2025-08-18,NFLX,0.0,0
2025-08-19,NFLX,0.0,0
2025-08-20,NFLX,0.0,0
2025-08-21,NFLX,0.0,0
2025-08-22,NFLX,0.0,0
2025-08-25,NFLX,0.0,0
2025-08-26,NFLX,0.0,0
2025-08-27,NFLX,0.0,0
2025-08-28,NFLX,0.0,0
2025-08-29,NFLX,0.0,0
2025-09-01,NFLX,0.0,0
2025-09-02,NFLX,0.0,0
2025-09-03,NFLX,0.0,0
2025-09-04,NFLX,0.0,0
2025-09-05,NFLX,0.0,0
2025-09-08,NFLX,0.0,0
2025-09-09,NFLX,0.0,0
2025-09-10,NFLX,0.0,0
2025-09-11,NFLX,0.0,0
2025-09-12,NFLX,0.0,0
2025-09-15,NFLX,0.0,0
2025-09-16,NFLX,0.0,0
2025-09-17,NFLX,0.0,0
2025-09-18,NFLX,0.0,0
2025-09-19,NFLX,0.0,0
2025-09-22,NFLX,0.0,0
2025-09-23,NFLX,0.0,0
2025-09-24,NFLX,0.0,0
2025-09-25,NFLX,0.0,0
2025-09-26,NFLX,0.0,0
2025-09-29,NFLX,0.0,0
2025-09-30,NFLX,0.0,0
2025-10-01,NFLX,0.0,0
2025-10-02,NFLX,0.0,0
2025-10-03,NFLX,0.0,0
2025-10-06,NFLX,0.0,0
2025-10-07,NFLX,0.0,0
2025-10-08,NFLX,0.0,0
2025-10-09,NFLX,0.0,0
2025-10-10,NFLX,0.0,0
2025-10-13,NFLX,0.0,0
2025-10-14,NFLX,0.0,0
2025-10-15,NFLX,0.0,0
2025-10-16,NFLX,0.0,0
2025-10-17,NFLX,0.0,0
2025-10-20,NFLX,0.0,0
2025-10-21,NFLX,0.0,0
2025-10-22,NFLX,0.0,0
2025-10-23,NFLX,0.0,0
2025-10-24,NFLX,0.0,0
2025-10-27,NFLX,0.0,0
2025-10-28,NFLX,0.0,0
2025-10-29,NFLX,0.0,0
2025-10-30,NFLX,0.0,0
2025-10-31,NFLX,0.0,0
2025-11-03,NFLX,0.0,0
2025-11-04,NFLX,0.0,0
2025-11-05,NFLX,0.0,0
2025-11-06,NFLX,0.0,0
2025-11-07,NFLX,0.0,0
2025-11-10,NFLX,0.0,0
2025-11-11,NFLX,0.0,0
2025-11-12,NFLX,0.0,0
2025-11-13,NFLX,0.0,0
2025-11-14,NFLX,0.0,0
2025-11-17,NFLX,0.0,0
2025-11-18,NFLX,0.0,0
2025-11-19,NFLX,0.0,0
2025-11-20,NFLX,0.0,0
2025-11-21,NFLX,0.0,0
2025-11-24,NFLX,0.0,0
2025-11-25,NFLX,0.0,0
2025-11-26,NFLX,0.0,0
2025-11-27,NFLX,0.0,0
2025-11-28,NFLX,0.0,0
2025-12-01,NFLX,0.0,0
2025-12-02,NFLX,0.0,0
2025-12-03,NFLX,0.0,0
2025-12-04,NFLX,0.0,0
2025-12-05,NFLX,0.0,0
2025-12-08,NFLX,0.0,0
2025-12-09,NFLX,0.0,0
2025-12-10,NFLX,0.0,0
2025-12-11,NFLX,0.0,0
2025-12-12,NFLX,0.0,0
2025-12-15,NFLX,0.0,0
2025-12-16,NFLX,0.0,0
2025-12-17,NFLX,0.0,0
2025-12-18,NFLX,0.0,0
2025-12-19,NFLX,0.0,0
2025-12-22,NFLX,0.0,0
2025-12-23,NFLX,0.0,0
2025-12-24,NFLX,0.0,0
2025-12-25,NFLX,0.0,0
2025-12-26,NFLX,0.0,0
2025-12-29,NFLX,0.0,0
2025-12-30,NFLX,0.0,0
2025-12-31,NFLX,0.0,0
2024-12-31,NVDA,0.002651334022057913,1
2025-01-01,NVDA,0.002651334022057913,1
2025-01-02,NVDA,0.002651334022057913,1
2025-01-03,NVDA,0.002651334022057913,1
2025-01-06,NVDA,0.002651334022057913,1
2025-01-07,NVDA,0.002651334022057913,1
2025-01-08,NVDA,0.002651334022057913,1
2025-01-09,NVDA,0.002651334022057913,1
2025-01-10,NVDA,0.002651334022057913,1
2025-01-13,NVDA,0.002651334022057913,1
2025-01-14,NVDA,0.002651334022057913,1
2025-01-15,NVDA,0.002651334022057913,1
2025-01-16,NVDA,0.002651334022057913,1
2025-01-17,NVDA,0.002651334022057913,1
2025-01-20,NVDA,0.002651334022057913,1
2025-01-21,NVDA,0.002651334022057913,1
2025-01-22,NVDA,0.002651334022057913,1
2025-01-23,NVDA,0.002651334022057913,1
2025-01-24,NVDA,0.002651334022057913,1
2025-01-27,NVDA,0.002651334022057913,1
2025-01-28,NVDA,0.002651334022057913,1
2025-01-29,NVDA,0.002651334022057913,1
2025-01-30,NVDA,0.002651334022057913,1
2025-01-31,NVDA,0.002651334022057913,1
2025-02-03,NVDA,0.002651334022057913,1
2025-02-04,NVDA,0.002651334022057913,1
2025-02-05,NVDA,0.002651334022057913,1
2025-02-06,NVDA,0.002651334022057913,1
2025-02-07,NVDA,0.002651334022057913,1
2025-02-10,NVDA,0.002651334022057913,1
2025-02-11,NVDA,0.002651334022057913,1
2025-02-12,NVDA,0.002651334022057913,1
2025-02-13,NVDA,0.002651334022057913,1
2025-02-14,NVDA,0.002651334022057913,1
2025-02-17,NVDA,0.002651334022057913,1
2025-02-18,NVDA,0.002651334022057913,1
2025-02-19,NVDA,0.002651334022057913,1
2025-02-20,NVDA,0.002651334022057913,1
2025-02-21,NVDA,0.002651334022057913,1
2025-02-24,NVDA,0.002651334022057913,1
2025-02-25,NVDA,0.002651334022057913,1
2025-02-26,NVDA,0.002651334022057913,1
2025-02-27,NVDA,0.002651334022057913,1
2025-02-28,NVDA,0.002651334022057913,1
2025-03-03,NVDA,0.002651334022057913,1
2025-03-04,NVDA,0.002651334022057913,1
2025-03-05,NVDA,0.002651334022057913,1
2025-03-06,NVDA,0.002651334022057913,1
2025-03-07,NVDA,0.002651334022057913,1
2025-03-10,NVDA,0.002651334022057913,1
2025-03-11,NVDA,0.002651334022057913,1
2025-03-12,NVDA,0.002651334022057913,1
2025-03-13,NVDA,0.002651334022057913,1
2025-03-14,NVDA,0.002651334022057913,1
2025-03-17,NVDA,0.002651334022057913,1
2025-03-18,NVDA,0.002651334022057913,1
2025-03-19,NVDA,0.002651334022057913,1
2025-03-20,NVDA,0.002651334022057913,1
2025-03-21,NVDA,0.002651334022057913,1
2025-03-24,NVDA,0.002651334022057913,1
2025-03-25,NVDA,0.002651334022057913,1
2025-03-26,NVDA,0.002651334022057913,1
2025-03-27,NVDA,0.002651334022057913,1
2025-03-28,NVDA,0.002651334022057913,1
2025-03-31,NVDA,0.002651334022057913,1
2025-04-01,NVDA,0.002651334022057913,1
2025-04-02,NVDA,0.002651334022057913,1
2025-04-03,NVDA,0.002651334022057913,1
2025-04-04,NVDA,0.002651334022057913,1
2025-04-07,NVDA,0.002651334022057913,1
2025-04-08,NVDA,0.002651334022057913,1
2025-04-09,NVDA,0.002651334022057913,1
2025-04-10,NVDA,0.002651334022057913,1
2025-04-11,NVDA,0.002651334022057913,1
2025-04-14,NVDA,0.002651334022057913,1
2025-04-15,NVDA,0.002651334022057913,1
2025-04-16,NVDA,0.002651334022057913,1
2025-04-17,NVDA,0.002651334022057913,1
2025-04-18,NVDA,0.002651334022057913,1
2025-04-21,NVDA,0.002651334022057913,1
2025-04-22,NVDA,0.002651334022057913,1
2025-04-23,NVDA,0.002651334022057913,1
2025-04-24,NVDA,0.002651334022057913,1
2025-04-25,NVDA,0.002651334022057913,1
2025-04-28,NVDA,0.002651334022057913,1
2025-04-29,NVDA,0.002651334022057913,1
2025-04-30,NVDA,0.002651334022057913,1
2025-05-01,NVDA,0.002651334022057913,1
2025-05-02,NVDA,0.002651334022057913,1
2025-05-05,NVDA,0.002651334022057913,1
2025-05-06,NVDA,0.002651334022057913,1
2025-05-07,NVDA,0.002651334022057913,1
2025-05-08,NVDA,0.002651334022057913,1
2025-05-09,NVDA,0.002651334022057913,1
2025-05-12,NVDA,0.002651334022057913,1
2025-05-13,NVDA,0.002651334022057913,1
2025-05-14,NVDA,0.002651334022057913,1
2025-05-15,NVDA,0.002651334022057913,1
2025-05-16,NVDA,0.002651334022057913,1
2025-05-19,NVDA,0.002651334022057913,1
2025-05-20,NVDA,0.002651334022057913,1
2025-05-21,NVDA,0.002651334022057913,1
2025-05-22,NVDA,0.002651334022057913,1
2025-05-23,NVDA,0.002651334022057913,1
2025-05-26,NVDA,0.002651334022057913,1
2025-05-27,NVDA,0.002651334022057913,1
2025-05-28,NVDA,0.002651334022057913,1
2025-05-29,NVDA,0.002651334022057913,1
2025-05-30,NVDA,0.002651334022057913,1
2025-06-02,NVDA,0.002651334022057913,1
2025-06-03,NVDA,0.002651334022057913,1
2025-06-04,NVDA,0.002651334022057913,1
2025-06-05,NVDA,0.002651334022057913,1
2025-06-06,NVDA,0.002651334022057913,1
2025-06-09,NVDA,0.002651334022057913,1
2025-06-10,NVDA,0.002651334022057913,1
2025-06-11,NVDA,0.002651334022057913,1
2025-06-12,NVDA,0.002651334022057913,1
2025-06-13,NVDA,0.002651334022057913,1
2025-06-16,NVDA,0.002651334022057913,1
2025-06-17,NVDA,0.002651334022057913,1
2025-06-18,NVDA,0.002651334022057913,1
2025-06-19,NVDA,0.002651334022057913,1
2025-06-20,NVDA,0.002651334022057913,1
2025-06-23,NVDA,0.002651334022057913,1
2025-06-24,NVDA,0.002651334022057913,1
2025-06-25,NVDA,0.002651334022057913,1
2025-06-26,NVDA,0.002651334022057913,1
2025-06-27,NVDA,0.002651334022057913,1
2025-06-30,NVDA,0.002651334022057913,1
2025-07-01,NVDA,0.002651334022057913,1
2025-07-02,NVDA,0.002651334022057913,1
2025-07-03,NVDA,0.002651334022057913,1
2025-07-04,NVDA,0.002651334022057913,1
2025-07-07,NVDA,0.002651334022057913,1
2025-07-08,NVDA,0.002651334022057913,1
2025-07-09,NVDA,0.002651334022057913,1
2025-07-10,NVDA,0.002651334022057913,1
2025-07-11,NVDA,0.002651334022057913,1
2025-07-14,NVDA,0.002651334022057913,1
2025-07-15,NVDA,0.002651334022057913,1
2025-07-16,NVDA,0.002651334022057913,1
2025-07-17,NVDA,0.002651334022057913,1
2025-07-18,NVDA,0.002651334022057913,1
2025-07-21,NVDA,0.002651334022057913,1
2025-07-22,NVDA,0.002651334022057913,1
2025-07-23,NVDA,0.002651334022057913,1
2025-07-24,NVDA,0.002651334022057913,1
2025-07-25,NVDA,0.002651334022057913,1
2025-07-28,NVDA,0.002651334022057913,1
2025-07-29,NVDA,0.002651334022057913,1
2025-07-30,NVDA,0.002651334022057913,1
2025-07-31,NVDA,0.002651334022057913,1
2025-08-01,NVDA,0.002651334022057913,1
2025-08-04,NVDA,0.002651334022057913,1
2025-08-05,NVDA,0.002651334022057913,1
2025-08-06,NVDA,0.002651334022057913,1
2025-08-07,NVDA,0.002651334022057913,1
2025-08-08,NVDA,0.002651334022057913,1
2025-08-11,NVDA,0.002651334022057913,1
2025-08-12,NVDA,0.002651334022057913,1
2025-08-13,NVDA,0.002651334022057913,1
2025-08-14,NVDA,0.002651334022057913,1
2025-08-15,NVDA,0.002651334022057913,1
2025-08-18,NVDA,0.002651334022057913,1
2025-08-19,NVDA,0.002651334022057913,1
2025-08-20,NVDA,0.002651334022057913,1
2025-08-21,NVDA,0.002651334022057913,1
2025-08-22,NVDA,0.002651334022057913,1
2025-08-25,NVDA,0.002651334022057913,1
2025-08-26,NVDA,0.002651334022057913,1
2025-08-27,NVDA,0.002651334022057913,1
2025-08-28,NVDA,0.002651334022057913,1
2025-08-29,NVDA,0.002651334022057913,1
2025-09-01,NVDA,0.002651334022057913,1
2025-09-02,NVDA,0.002651334022057913,1
2025-09-03,NVDA,0.002651334022057913,1
2025-09-04,NVDA,0.002651334022057913,1
2025-09-05,NVDA,0.002651334022057913,1
2025-09-08,NVDA,0.002651334022057913,1
2025-09-09,NVDA,0.002651334022057913,1
2025-09-10,NVDA,0.002651334022057913,1
2025-09-11,NVDA,0.002651334022057913,1
2025-09-12,NVDA,0.002651334022057913,1
2025-09-15,NVDA,0.002651334022057913,1
2025-09-16,NVDA,0.002651334022057913,1
2025-09-17,NVDA,0.002651334022057913,1
2025-09-18,NVDA,0.002651334022057913,1
2025-09-19,NVDA,0.002651334022057913,1
2025-09-22,NVDA,0.002651334022057913,1
2025-09-23,NVDA,0.002651334022057913,1
2025-09-24,NVDA,0.002651334022057913,1
2025-09-25,NVDA,0.002651334022057913,1
2025-09-26,NVDA,0.002651334022057913,1
2025-09-29,NVDA,0.002651334022057913,1
2025-09-30,NVDA,0.002651334022057913,1
2025-10-01,NVDA,0.002651334022057913,1
2025-10-02,NVDA,0.002651334022057913,1
2025-10-03,NVDA,0.002651334022057913,1
2025-10-06,NVDA,0.002651334022057913,1
2025-10-07,NVDA,0.002651334022057913,1
2025-10-08,NVDA,0.002651334022057913,1
2025-10-09,NVDA,0.002651334022057913,1
2025-10-10,NVDA,0.002651334022057913,1
2025-10-13,NVDA,0.002651334022057913,1
2025-10-14,NVDA,0.002651334022057913,1
2025-10-15,NVDA,0.002651334022057913,1
2025-10-16,NVDA,0.002651334022057913,1
2025-10-17,NVDA,0.002651334022057913,1
2025-10-20,NVDA,0.002651334022057913,1
2025-10-21,NVDA,0.002651334022057913,1
2025-10-22,NVDA,0.002651334022057913,1
2025-10-23,NVDA,0.002651334022057913,1
2025-10-24,NVDA,0.002651334022057913,1
2025-10-27,NVDA,0.002651334022057913,1
2025-10-28,NVDA,0.002651334022057913,1
2025-10-29,NVDA,0.002651334022057913,1
2025-10-30,NVDA,0.002651334022057913,1
2025-10-31,NVDA,0.002651334022057913,1
2025-11-03,NVDA,0.002651334022057913,1
2025-11-04,NVDA,0.002651334022057913,1
2025-11-05,NVDA,0.002651334022057913,1
2025-11-06,NVDA,0.002651334022057913,1
2025-11-07,NVDA,0.002651334022057913,1
2025-11-10,NVDA,0.002651334022057913,1
2025-11-11,NVDA,0.002651334022057913,1
2025-11-12,NVDA,0.002651334022057913,1
2025-11-13,NVDA,0.002651334022057913,1
2025-11-14,NVDA,0.002651334022057913,1
2025-11-17,NVDA,0.002651334022057913,1
2025-11-18,NVDA,0.002651334022057913,1
2025-11-19,NVDA,0.002651334022057913,1
2025-11-20,NVDA,0.002651334022057913,1
2025-11-21,NVDA,0.002651334022057913,1
2025-11-24,NVDA,0.002651334022057913,1
2025-11-25,NVDA,0.002651334022057913,1
2025-11-26,NVDA,0.002651334022057913,1
2025-11-27,NVDA,0.002651334022057913,1
2025-11-28,NVDA,0.002651334022057913,1
2025-12-01,NVDA,0.002651334022057913,1
2025-12-02,NVDA,0.002651334022057913,1
2025-12-03,NVDA,0.002651334022057913,1
2025-12-04,NVDA,0.002651334022057913,1
2025-12-05,NVDA,0.002651334022057913,1
2025-12-08,NVDA,0.002651334022057913,1
2025-12-09,NVDA,0.002651334022057913,1
2025-12-10,NVDA,0.002651334022057913,1
2025-12-11,NVDA,0.002651334022057913,1
2025-12-12,NVDA,0.002651334022057913,1
2025-12-15,NVDA,0.002651334022057913,1
2025-12-16,NVDA,0.002651334022057913,1
2025-12-17,NVDA,0.002651334022057913,1
2025-12-18,NVDA,0.002651334022057913,1
2025-12-19,NVDA,0.002651334022057913,1
2025-12-22,NVDA,0.002651334022057913,1
2025-12-23,NVDA,0.002651334022057913,1
2025-12-24,NVDA,0.002651334022057913,1
2025-12-25,NVDA,0.002651334022057913,1
2025-12-26,NVDA,0.002651334022057913,1
2025-12-29,NVDA,0.002651334022057913,1
2025-12-30,NVDA,0.002651334022057913,1
2025-12-31,NVDA,0.002651334022057913,1
2024-12-31,PG,0.0,0
2025-01-01,PG,0.0,0
2025-01-02,PG,0.0,0
2025-01-03,PG,0.0,0
2025-01-06,PG,0.0,0
2025-01-07,PG,0.0,0
2025-01-08,PG,0.0,0
2025-01-09,PG,0.0,0
2025-01-10,PG,0.0,0
2025-01-13,PG,0.0,0
2025-01-14,PG,0.0,0
2025-01-15,PG,0.0,0
2025-01-16,PG,0.0,0
2025-01-17,PG,0.0,0
2025-01-20,PG,0.0,0
2025-01-21,PG,0.0,0
2025-01-22,PG,0.0,0
2025-01-23,PG,0.0,0
2025-01-24,PG,0.0,0
2025-01-27,PG,0.0,0
2025-01-28,PG,0.0,0
2025-01-29,PG,0.0,0
2025-01-30,PG,0.0,0
2025-01-31,PG,0.0,0
2025-02-03,PG,0.0,0
2025-02-04,PG,0.0,0
2025-02-05,PG,0.0,0
2025-02-06,PG,0.0,0
2025-02-07,PG,0.0,0
2025-02-10,PG,0.0,0
2025-02-11,PG,0.0,0
2025-02-12,PG,0.0,0
2025-02-13,PG,0.0,0
2025-02-14,PG,0.0,0
2025-02-17,PG,0.0,0
2025-02-18,PG,0.0,0
2025-02-19,PG,0.0,0
2025-02-20,PG,0.0,0
2025-02-21,PG,0.0,0
2025-02-24,PG,0.0,0
2025-02-25,PG,0.0,0
2025-02-26,PG,0.0,0
2025-02-27,PG,0.0,0
2025-02-28,PG,0.0,0
2025-03-03,PG,0.0,0
2025-03-04,PG,0.0,0
2025-03-05,PG,0.0,0
2025-03-06,PG,0.0,0
2025-03-07,PG,0.0,0
2025-03-10,PG,0.0,0
2025-03-11,PG,0.0,0
2025-03-12,PG,0.0,0
2025-03-13,PG,0.0,0
2025-03-14,PG,0.0,0
2025-03-17,PG,0.0,0
2025-03-18,PG,0.0,0
2025-03-19,PG,0.0,0
2025-03-20,PG,0.0,0
2025-03-21,PG,0.0,0
2025-03-24,PG,0.0,0
2025-03-25,PG,0.0,0
2025-03-26,PG,0.0,0
2025-03-27,PG,0.0,0
2025-03-28,PG,0.0,0
2025-03-31,PG,0.0,0
2025-04-01,PG,0.0,0
2025-04-02,PG,0.0,0
2025-04-03,PG,0.0,0
2025-04-04,PG,0.0,0
2025-04-07,PG,0.0,0
2025-04-08,PG,0.0,0
2025-04-09,PG,0.0,0
2025-04-10,PG,0.0,0
2025-04-11,PG,0.0,0
2025-04-14,PG,0.0,0
2025-04-15,PG,0.0,0
2025-04-16,PG,0.0,0
2025-04-17,PG,0.0,0
2025-04-18,PG,0.0,0
2025-04-21,PG,0.0,0
2025-04-22,PG,0.0,0
2025-04-23,PG,0.0,0
2025-04-24,PG,0.0,0
2025-04-25,PG,0.0,0
2025-04-28,PG,0.0,0
2025-04-29,PG,0.0,0
2025-04-30,PG,0.0,0
2025-05-01,PG,0.0,0
2025-05-02,PG,0.0,0
2025-05-05,PG,0.0,0
2025-05-06,PG,0.0,0
2025-05-07,PG,0.0,0
2025-05-08,PG,0.0,0
2025-05-09,PG,0.0,0
2025-05-12,PG,0.0,0
2025-05-13,PG,0.0,0
2025-05-14,PG,0.0,0
2025-05-15,PG,0.0,0
2025-05-16,PG,0.0,0
2025-05-19,PG,0.0,0
2025-05-20,PG,0.0,0
2025-05-21,PG,0.0,0
2025-05-22,PG,0.0,0
2025-05-23,PG,0.0,0
2025-05-26,PG,0.0,0
2025-05-27,PG,0.0,0
2025-05-28,PG,0.0,0
2025-05-29,PG,0.0,0
2025-05-30,PG,0.0,0
2025-06-02,PG,0.0,0
2025-06-03,PG,0.0,0
2025-06-04,PG,0.0,0
2025-06-05,PG,0.0,0
2025-06-06,PG,0.0,0
2025-06-09,PG,0.0,0
2025-06-10,PG,0.0,0
2025-06-11,PG,0.0,0
2025-06-12,PG,0.0,0
2025-06-13,PG,0.0,0
2025-06-16,PG,0.0,0
2025-06-17,PG,0.0,0
2025-06-18,PG,0.0,0
2025-06-19,PG,0.0,0
2025-06-20,PG,0.0,0
2025-06-23,PG,0.0,0
2025-06-24,PG,0.0,0
2025-06-25,PG,0.0,0
2025-06-26,PG,0.0,0
2025-06-27,PG,0.0,0
2025-06-30,PG,0.0,0
2025-07-01,PG,0.0,0
2025-07-02,PG,0.0,0
2025-07-03,PG,0.0,0
2025-07-04,PG,0.0,0
2025-07-07,PG,0.0,0
2025-07-08,PG,0.0,0
2025-07-09,PG,0.0,0
2025-07-10,PG,0.0,0
2025-07-11,PG,0.0,0
2025-07-14,PG,0.0,0
2025-07-15,PG,0.0,0
2025-07-16,PG,0.0,0
2025-07-17,PG,0.0,0
2025-07-18,PG,0.0,0
2025-07-21,PG,0.0,0
2025-07-22,PG,0.0,0
2025-07-23,PG,0.0,0
2025-07-24,PG,0.0,0
2025-07-25,PG,0.0,0
2025-07-28,PG,0.0,0
2025-07-29,PG,0.0,0
2025-07-30,PG,0.0,0
2025-07-31,PG,0.0,0
2025-08-01,PG,0.0,0
2025-08-04,PG,0.0,0
2025-08-05,PG,0.0,0
2025-08-06,PG,0.0,0
2025-08-07,PG,0.0,0
2025-08-08,PG,0.0,0
2025-08-11,PG,0.0,0
2025-08-12,PG,0.0,0
2025-08-13,PG,0.0,0
2025-08-14,PG,0.0,0
2025-08-15,PG,0.0,0
2025-08-18,PG,0.0,0
2025-08-19,PG,0.0,0
2025-08-20,PG,0.0,0
2025-08-21,PG,0.0,0
2025-08-22,PG,0.0,0
2025-08-25,PG,0.0,0
2025-08-26,PG,0.0,0
2025-08-27,PG,0.0,0
2025-08-28,PG,0.0,0
2025-08-29,PG,0.0,0
2025-09-01,PG,0.0,0
2025-09-02,PG,0.0,0
2025-09-03,PG,0.0,0
2025-09-04,PG,0.0,0
2025-09-05,PG,0.0,0
2025-09-08,PG,0.0,0
2025-09-09,PG,0.0,0
2025-09-10,PG,0.0,0
2025-09-11,PG,0.0,0
2025-09-12,PG,0.0,0
2025-09-15,PG,0.0,0
2025-09-16,PG,0.0,0
2025-09-17,PG,0.0,0
2025-09-18,PG,0.0,0
2025-09-19,PG,0.0,0
2025-09-22,PG,0.0,0
2025-09-23,PG,0.0,0
2025-09-24,PG,0.0,0
2025-09-25,PG,0.0,0
2025-09-26,PG,0.0,0
2025-09-29,PG,0.0,0
2025-09-30,PG,0.0,0
2025-10-01,PG,0.0,0
2025-10-02,PG,0.0,0
2025-10-03,PG,0.0,0
2025-10-06,PG,0.0,0
2025-10-07,PG,0.0,0
2025-10-08,PG,0.0,0
2025-10-09,PG,0.0,0
2025-10-10,PG,0.0,0
2025-10-13,PG,0.0,0
2025-10-14,PG,0.0,0
2025-10-15,PG,0.0,0
2025-10-16,PG,0.0,0
2025-10-17,PG,0.0,0
2025-10-20,PG,0.0,0
2025-10-21,PG,0.0,0
2025-10-22,PG,0.0,0
2025-10-23,PG,0.0,0
2025-10-24,PG,0.0,0
2025-10-27,PG,0.0,0
2025-10-28,PG,0.0,0
2025-10-29,PG,0.0,0
2025-10-30,PG,0.0,0
2025-10-31,PG,0.0,0
2025-11-03,PG,0.0,0
2025-11-04,PG,0.0,0
2025-11-05,PG,0.0,0
2025-11-06,PG,0.0,0
2025-11-07,PG,0.0,0
2025-11-10,PG,0.0,0
2025-11-11,PG,0.0,0
2025-11-12,PG,0.0,0
2025-11-13,PG,0.0,0
2025-11-14,PG,0.0,0
2025-11-17,PG,0.0,0
2025-11-18,PG,0.0,0
2025-11-19,PG,0.0,0
2025-11-20,PG,0.0,0
2025-11-21,PG,0.0,0
2025-11-24,PG,0.0,0
2025-11-25,PG,0.0,0
2025-11-26,PG,0.0,0
2025-11-27,PG,0.0,0
2025-11-28,PG,0.0,0
2025-12-01,PG,0.0,0
2025-12-02,PG,0.0,0
2025-12-03,PG,0.0,0
2025-12-04,PG,0.0,0
2025-12-05,PG,0.0,0
2025-12-08,PG,0.0,0
2025-12-09,PG,0.0,0
2025-12-10,PG,0.0,0
2025-12-11,PG,0.0,0
2025-12-12,PG,0.0,0
2025-12-15,PG,0.0,0
2025-12-16,PG,0.0,0
2025-12-17,PG,0.0,0
2025-12-18,PG,0.0,0
2025-12-19,PG,0.0,0
2025-12-22,PG,0.0,0
2025-12-23,PG,0.0,0
2025-12-24,PG,0.0,0
2025-12-25,PG,0.0,0
2025-12-26,PG,0.0,0
2025-12-29,PG,0.0,0
2025-12-30,PG,0.0,0
2025-12-31,PG,0.0,0
2024-12-31,TSLA,0.0,0
2025-01-01,TSLA,0.0,0
2025-01-02,TSLA,0.0,0
2025-01-03,TSLA,0.0,0
2025-01-06,TSLA,0.0,0
2025-01-07,TSLA,0.0,0
2025-01-08,TSLA,0.0,0
2025-01-09,TSLA,0.0,0
2025-01-10,TSLA,0.0,0
2025-01-13,TSLA,0.0,0
2025-01-14,TSLA,0.0,0
2025-01-15,TSLA,0.0,0
2025-01-16,TSLA,0.0,0
2025-01-17,TSLA,0.0,0
2025-01-20,TSLA,0.0,0
2025-01-21,TSLA,0.0,0
2025-01-22,TSLA,0.0,0
2025-01-23,TSLA,0.0,0
2025-01-24,TSLA,0.0,0
2025-01-27,TSLA,0.0,0
2025-01-28,TSLA,0.0,0
2025-01-29,TSLA,0.0,0
2025-01-30,TSLA,0.0,0
2025-01-31,TSLA,0.0,0
2025-02-03,TSLA,0.0,0
2025-02-04,TSLA,0.0,0
2025-02-05,TSLA,0.0,0
2025-02-06,TSLA,0.0,0
2025-02-07,TSLA,0.0,0
2025-02-10,TSLA,0.0,0
2025-02-11,TSLA,0.0,0
2025-02-12,TSLA,0.0,0
2025-02-13,TSLA,0.0,0
2025-02-14,TSLA,0.0,0
2025-02-17,TSLA,0.0,0
2025-02-18,TSLA,0.0,0
2025-02-19,TSLA,0.0,0
2025-02-20,TSLA,0.0,0
2025-02-21,TSLA,0.0,0
2025-02-24,TSLA,0.0,0
2025-02-25,TSLA,0.0,0
2025-02-26,TSLA,0.0,0
2025-02-27,TSLA,0.0,0
2025-02-28,TSLA,0.0,0
2025-03-03,TSLA,0.0,0
2025-03-04,TSLA,0.0,0
2025-03-05,TSLA,0.0,0
2025-03-06,TSLA,0.0,0
2025-03-07,TSLA,0.0,0
2025-03-10,TSLA,0.0,0
2025-03-11,TSLA,0.0,0
2025-03-12,TSLA,0.0,0
2025-03-13,TSLA,0.0,0
2025-03-14,TSLA,0.0,0
2025-03-17,TSLA,0.0,0
2025-03-18,TSLA,0.0,0
2025-03-19,TSLA,0.0,0
2025-03-20,TSLA,0.0,0
2025-03-21,TSLA,0.0,0
2025-03-24,TSLA,0.0,0
2025-03-25,TSLA,0.0,0
2025-03-26,TSLA,0.0,0
2025-03-27,TSLA,0.0,0
2025-03-28,TSLA,0.0,0
2025-03-31,TSLA,0.0,0
2025-04-01,TSLA,0.0,0
2025-04-02,TSLA,0.0,0
2025-04-03,TSLA,0.0,0
2025-04-04,TSLA,0.0,0
2025-04-07,TSLA,0.0,0
2025-04-08,TSLA,0.0,0
2025-04-09,TSLA,0.0,0
2025-04-10,TSLA,0.0,0
2025-04-11,TSLA,0.0,0
2025-04-14,TSLA,0.0,0
2025-04-15,TSLA,0.0,0
2025-04-16,TSLA,0.0,0
2025-04-17,TSLA,0.0,0
2025-04-18,TSLA,0.0,0
2025-04-21,TSLA,0.0,0
2025-04-22,TSLA,0.0,0
2025-04-23,TSLA,0.0,0
2025-04-24,TSLA,0.0,0
2025-04-25,TSLA,0.0,0
2025-04-28,TSLA,0.0,0
2025-04-29,TSLA,0.0,0
2025-04-30,TSLA,0.0,0
2025-05-01,TSLA,0.0,0
2025-05-02,TSLA,0.0,0
2025-05-05,TSLA,0.0,0
2025-05-06,TSLA,0.0,0
2025-05-07,TSLA,0.0,0
2025-05-08,TSLA,0.0,0
2025-05-09,TSLA,0.0,0
2025-05-12,TSLA,0.0,0
2025-05-13,TSLA,0.0,0
2025-05-14,TSLA,0.0,0
2025-05-15,TSLA,0.0,0
2025-05-16,TSLA,0.0,0
2025-05-19,TSLA,0.0,0
2025-05-20,TSLA,0.0,0
2025-05-21,TSLA,0.0,0
2025-05-22,TSLA,0.0,0
2025-05-23,TSLA,0.0,0
2025-05-26,TSLA,0.0,0
2025-05-27,TSLA,0.0,0
2025-05-28,TSLA,0.0,0
2025-05-29,TSLA,0.0,0
2025-05-30,TSLA,0.0,0
2025-06-02,TSLA,0.0,0
2025-06-03,TSLA,0.0,0
2025-06-04,TSLA,0.0,0
2025-06-05,TSLA,0.0,0
2025-06-06,TSLA,0.0,0
2025-06-09,TSLA,0.0,0
2025-06-10,TSLA,0.0,0
2025-06-11,TSLA,0.0,0
2025-06-12,TSLA,0.0,0
2025-06-13,TSLA,0.0,0
2025-06-16,TSLA,0.0,0
2025-06-17,TSLA,0.0,0
2025-06-18,TSLA,0.0,0
2025-06-19,TSLA,0.0,0
2025-06-20,TSLA,0.0,0
2025-06-23,TSLA,0.0,0
2025-06-24,TSLA,0.0,0
2025-06-25,TSLA,0.0,0
2025-06-26,TSLA,0.0,0
2025-06-27,TSLA,0.0,0
2025-06-30,TSLA,0.0,0
2025-07-01,TSLA,0.0,0
2025-07-02,TSLA,0.0,0
2025-07-03,TSLA,0.0,0
2025-07-04,TSLA,0.0,0
2025-07-07,TSLA,0.0,0
2025-07-08,TSLA,0.0,0
2025-07-09,TSLA,0.0,0
2025-07-10,TSLA,0.0,0
2025-07-11,TSLA,0.0,0
2025-07-14,TSLA,0.0,0
2025-07-15,TSLA,0.0,0
2025-07-16,TSLA,0.0,0
2025-07-17,TSLA,0.0,0
2025-07-18,TSLA,0.0,0
2025-07-21,TSLA,0.0,0
2025-07-22,TSLA,0.0,0
2025-07-23,TSLA,0.0,0
2025-07-24,TSLA,0.0,0
2025-07-25,TSLA,0.0,0
2025-07-28,TSLA,0.0,0
2025-07-29,TSLA,0.0,0
2025-07-30,TSLA,0.0,0
2025-07-31,TSLA,0.0,0
2025-08-01,TSLA,0.0,0
2025-08-04,TSLA,0.0,0
2025-08-05,TSLA,0.0,0
2025-08-06,TSLA,0.0,0
2025-08-07,TSLA,0.0,0
2025-08-08,TSLA,0.0,0
2025-08-11,TSLA,0.0,0
2025-08-12,TSLA,0.0,0
2025-08-13,TSLA,0.0,0
2025-08-14,TSLA,0.0,0
2025-08-15,TSLA,0.0,0
2025-08-18,TSLA,0.0,0
2025-08-19,TSLA,0.0,0
2025-08-20,TSLA,0.0,0
2025-08-21,TSLA,0.0,0
2025-08-22,TSLA,0.0,0
2025-08-25,TSLA,0.0,0
2025-08-26,TSLA,0.0,0
2025-08-27,TSLA,0.0,0
2025-08-28,TSLA,0.0,0
2025-08-29,TSLA,0.0,0
2025-09-01,TSLA,0.0,0
2025-09-02,TSLA,0.0,0
2025-09-03,TSLA,0.0,0
2025-09-04,TSLA,0.0,0
2025-09-05,TSLA,0.0,0
2025-09-08,TSLA,0.0,0
2025-09-09,TSLA,0.0,0
2025-09-10,TSLA,0.0,0
2025-09-11,TSLA,0.0,0
2025-09-12,TSLA,0.0,0
2025-09-15,TSLA,0.0,0
2025-09-16,TSLA,0.0,0
2025-09-17,TSLA,0.0,0
2025-09-18,TSLA,0.0,0
2025-09-19,TSLA,0.0,0
2025-09-22,TSLA,0.0,0
2025-09-23,TSLA,0.0,0
2025-09-24,TSLA,0.0,0
2025-09-25,TSLA,0.0,0
2025-09-26,TSLA,0.0,0
2025-09-29,TSLA,0.0,0
2025-09-30,TSLA,0.0,0
2025-10-01,TSLA,0.0,0
2025-10-02,TSLA,0.0,0
2025-10-03,TSLA,0.0,0
2025-10-06,TSLA,0.0,0
2025-10-07,TSLA,0.0,0
2025-10-08,TSLA,0.0,0
2025-10-09,TSLA,0.0,0
2025-10-10,TSLA,0.0,0
2025-10-13,TSLA,0.0,0
2025-10-14,TSLA,0.0,0
2025-10-15,TSLA,0.0,0
2025-10-16,TSLA,0.0,0
2025-10-17,TSLA,0.0,0
2025-10-20,TSLA,0.0,0
2025-10-21,TSLA,0.0,0
2025-10-22,TSLA,0.0,0
2025-10-23,TSLA,0.0,0
2025-10-24,TSLA,0.0,0
2025-10-27,TSLA,0.0,0
2025-10-28,TSLA,0.0,0
2025-10-29,TSLA,0.0,0
2025-10-30,TSLA,0.0,0
2025-10-31,TSLA,0.0,0
2025-11-03,TSLA,0.0,0
2025-11-04,TSLA,0.0,0
2025-11-05,TSLA,0.0,0
2025-11-06,TSLA,0.0,0
2025-11-07,TSLA,0.0,0
2025-11-10,TSLA,0.0,0
2025-11-11,TSLA,0.0,0
2025-11-12,TSLA,0.0,0
2025-11-13,TSLA,0.0,0
2025-11-14,TSLA,0.0,0
2025-11-17,TSLA,0.0,0
2025-11-18,TSLA,0.0,0
2025-11-19,TSLA,0.0,0
2025-11-20,TSLA,0.0,0
2025-11-21,TSLA,0.0,0
2025-11-24,TSLA,0.0,0
2025-11-25,TSLA,0.0,0
2025-11-26,TSLA,0.0,0
2025-11-27,TSLA,0.0,0
2025-11-28,TSLA,0.0,0
2025-12-01,TSLA,0.0,0
2025-12-02,TSLA,0.0,0
2025-12-03,TSLA,0.0,0
2025-12-04,TSLA,0.0,0
2025-12-05,TSLA,0.0,0
2025-12-08,TSLA,0.0,0
2025-12-09,TSLA,0.0,0
2025-12-10,TSLA,0.0,0
2025-12-11,TSLA,0.0,0
2025-12-12,TSLA,0.0,0
2025-12-15,TSLA,0.0,0
2025-12-16,TSLA,0.0,0
2025-12-17,TSLA,0.0,0
2025-12-18,TSLA,0.0,0
2025-12-19,TSLA,0.0,0
2025-12-22,TSLA,0.0,0
2025-12-23,TSLA,0.0,0
2025-12-24,TSLA,0.0,0
2025-12-25,TSLA,0.0,0
2025-12-26,TSLA,0.0,0
2025-12-29,TSLA,0.0,0
2025-12-30,TSLA,0.0,0
2025-12-31,TSLA,0.0,0
2024-12-31,UNH,0.0,0
2025-01-01,UNH,0.0,0
2025-01-02,UNH,0.0,0
2025-01-03,UNH,0.0,0
2025-01-06,UNH,0.0,0
2025-01-07,UNH,0.0,0
2025-01-08,UNH,0.0,0
2025-01-09,UNH,0.0,0
2025-01-10,UNH,0.0,0
2025-01-13,UNH,0.0,0
2025-01-14,UNH,0.0,0
2025-01-15,UNH,0.0,0
2025-01-16,UNH,0.0,0
2025-01-17,UNH,0.0,0
2025-01-20,UNH,0.0,0
2025-01-21,UNH,0.0,0
2025-01-22,UNH,0.0,0
2025-01-23,UNH,0.0,0
2025-01-24,UNH,0.0,0
2025-01-27,UNH,0.0,0
2025-01-28,UNH,0.0,0
2025-01-29,UNH,0.0,0
2025-01-30,UNH,0.0,0
2025-01-31,UNH,0.0,0
2025-02-03,UNH,0.0,0
2025-02-04,UNH,0.0,0
2025-02-05,UNH,0.0,0
2025-02-06,UNH,0.0,0
2025-02-07,UNH,0.0,0
2025-02-10,UNH,0.0,0
2025-02-11,UNH,0.0,0
2025-02-12,UNH,0.0,0
2025-02-13,UNH,0.0,0
2025-02-14,UNH,0.0,0
2025-02-17,UNH,0.0,0
2025-02-18,UNH,0.0,0
2025-02-19,UNH,0.0,0
2025-02-20,UNH,0.0,0
2025-02-21,UNH,0.0,0
2025-02-24,UNH,0.0,0
2025-02-25,UNH,0.0,0
2025-02-26,UNH,0.0,0
2025-02-27,UNH,0.0,0
2025-02-28,UNH,0.0,0
2025-03-03,UNH,0.0,0
2025-03-04,UNH,0.0,0
2025-03-05,UNH,0.0,0
2025-03-06,UNH,0.0,0
2025-03-07,UNH,0.0,0
2025-03-10,UNH,0.0,0
2025-03-11,UNH,0.0,0
2025-03-12,UNH,0.0,0
2025-03-13,UNH,0.0,0
2025-03-14,UNH,0.0,0
2025-03-17,UNH,0.0,0
2025-03-18,UNH,0.0,0
2025-03-19,UNH,0.0,0
2025-03-20,UNH,0.0,0
2025-03-21,UNH,0.0,0
2025-03-24,UNH,0.0,0
2025-03-25,UNH,0.0,0
2025-03-26,UNH,0.0,0
2025-03-27,UNH,0.0,0
2025-03-28,UNH,0.0,0
2025-03-31,UNH,0.0,0
2025-04-01,UNH,0.0,0
2025-04-02,UNH,0.0,0
2025-04-03,UNH,0.0,0
2025-04-04,UNH,0.0,0
2025-04-07,UNH,0.0,0
2025-04-08,UNH,0.0,0
2025-04-09,UNH,0.0,0
2025-04-10,UNH,0.0,0
2025-04-11,UNH,0.0,0
2025-04-14,UNH,0.0,0
2025-04-15,UNH,0.0,0
2025-04-16,UNH,0.0,0
2025-04-17,UNH,0.0,0
2025-04-18,UNH,0.0,0
2025-04-21,UNH,0.0,0
2025-04-22,UNH,0.0,0
2025-04-23,UNH,0.0,0
2025-04-24,UNH,0.0,0
2025-04-25,UNH,0.0,0
2025-04-28,UNH,0.0,0
2025-04-29,UNH,0.0,0
2025-04-30,UNH,0.0,0
2025-05-01,UNH,0.0,0
2025-05-02,UNH,0.0,0
2025-05-05,UNH,0.0,0
2025-05-06,UNH,0.0,0
2025-05-07,UNH,0.0,0
2025-05-08,UNH,0.0,0
2025-05-09,UNH,0.0,0
2025-05-12,UNH,0.0,0
2025-05-13,UNH,0.0,0
2025-05-14,UNH,0.0,0
2025-05-15,UNH,0.0,0
2025-05-16,UNH,0.0,0
2025-05-19,UNH,0.0,0
2025-05-20,UNH,0.0,0
2025-05-21,UNH,0.0,0
2025-05-22,UNH,0.0,0
2025-05-23,UNH,0.0,0
2025-05-26,UNH,0.0,0
2025-05-27,UNH,0.0,0
2025-05-28,UNH,0.0,0
2025-05-29,UNH,0.0,0
2025-05-30,UNH,0.0,0
2025-06-02,UNH,0.0,0
2025-06-03,UNH,0.0,0
2025-06-04,UNH,0.0,0
2025-06-05,UNH,0.0,0
2025-06-06,UNH,0.0,0
2025-06-09,UNH,0.0,0
2025-06-10,UNH,0.0,0
2025-06-11,UNH,0.0,0
2025-06-12,UNH,0.0,0
2025-06-13,UNH,0.0,0
2025-06-16,UNH,0.0,0
2025-06-17,UNH,0.0,0
2025-06-18,UNH,0.0,0
2025-06-19,UNH,0.0,0
2025-06-20,UNH,0.0,0
2025-06-23,UNH,0.0,0
2025-06-24,UNH,0.0,0
2025-06-25,UNH,0.0,0
2025-06-26,UNH,0.0,0
2025-06-27,UNH,0.0,0
2025-06-30,UNH,0.0,0
2025-07-01,UNH,0.0,0
2025-07-02,UNH,0.0,0
2025-07-03,UNH,0.0,0
2025-07-04,UNH,0.0,0
2025-07-07,UNH,0.0,0
2025-07-08,UNH,0.0,0
2025-07-09,UNH,0.0,0
2025-07-10,UNH,0.0,0
2025-07-11,UNH,0.0,0
2025-07-14,UNH,0.0,0
2025-07-15,UNH,0.0,0
2025-07-16,UNH,0.0,0
2025-07-17,UNH,0.0,0
2025-07-18,UNH,0.0,0
2025-07-21,UNH,0.0,0
2025-07-22,UNH,0.0,0
2025-07-23,UNH,0.0,0
2025-07-24,UNH,0.0,0
2025-07-25,UNH,0.0,0
2025-07-28,UNH,0.0,0
2025-07-29,UNH,0.0,0
2025-07-30,UNH,0.0,0
2025-07-31,UNH,0.0,0
2025-08-01,UNH,0.0,0
2025-08-04,UNH,0.0,0
2025-08-05,UNH,0.0,0
2025-08-06,UNH,0.0,0
2025-08-07,UNH,0.0,0
2025-08-08,UNH,0.0,0
2025-08-11,UNH,0.0,0
2025-08-12,UNH,0.0,0
2025-08-13,UNH,0.0,0
2025-08-14,UNH,0.0,0
2025-08-15,UNH,0.0,0
2025-08-18,UNH,0.0,0
2025-08-19,UNH,0.0,0
2025-08-20,UNH,0.0,0
2025-08-21,UNH,0.0,0
2025-08-22,UNH,0.0,0
2025-08-25,UNH,0.0,0
2025-08-26,UNH,0.0,0
2025-08-27,UNH,0.0,0
2025-08-28,UNH,0.0,0
2025-08-29,UNH,0.0,0
2025-09-01,UNH,0.0,0
2025-09-02,UNH,0.0,0
2025-09-03,UNH,0.0,0
2025-09-04,UNH,0.0,0
2025-09-05,UNH,0.0,0
2025-09-08,UNH,0.0,0
2025-09-09,UNH,0.0,0
2025-09-10,UNH,0.0,0
2025-09-11,UNH,0.0,0
2025-09-12,UNH,0.0,0
2025-09-15,UNH,0.0,0
2025-09-16,UNH,0.0,0
2025-09-17,UNH,0.0,0
2025-09-18,UNH,0.0,0
2025-09-19,UNH,0.0,0
2025-09-22,UNH,0.0,0
2025-09-23,UNH,0.0,0
2025-09-24,UNH,0.0,0
2025-09-25,UNH,0.0,0
2025-09-26,UNH,0.0,0
2025-09-29,UNH,0.0,0
2025-09-30,UNH,0.0,0
2025-10-01,UNH,0.0,0
2025-10-02,UNH,0.0,0
2025-10-03,UNH,0.0,0
2025-10-06,UNH,0.0,0
2025-10-07,UNH,0.0,0
2025-10-08,UNH,0.0,0
2025-10-09,UNH,0.0,0
2025-10-10,UNH,0.0,0
2025-10-13,UNH,0.0,0
2025-10-14,UNH,0.0,0
2025-10-15,UNH,0.0,0
2025-10-16,UNH,0.0,0
2025-10-17,UNH,0.0,0
2025-10-20,UNH,0.0,0
2025-10-21,UNH,0.0,0
2025-10-22,UNH,0.0,0
2025-10-23,UNH,0.0,0
2025-10-24,UNH,0.0,0
2025-10-27,UNH,0.0,0
2025-10-28,UNH,0.0,0
2025-10-29,UNH,0.0,0
2025-10-30,UNH,0.0,0
2025-10-31,UNH,0.0,0
2025-11-03,UNH,0.0,0
2025-11-04,UNH,0.0,0
2025-11-05,UNH,0.0,0
2025-11-06,UNH,0.0,0
2025-11-07,UNH,0.0,0
2025-11-10,UNH,0.0,0
2025-11-11,UNH,0.0,0
2025-11-12,UNH,0.0,0
2025-11-13,UNH,0.0,0
2025-11-14,UNH,0.0,0
2025-11-17,UNH,0.0,0
2025-11-18,UNH,0.0,0
2025-11-19,UNH,0.0,0
2025-11-20,UNH,0.0,0
2025-11-21,UNH,0.0,0
2025-11-24,UNH,0.0,0
2025-11-25,UNH,0.0,0
2025-11-26,UNH,0.0,0
2025-11-27,UNH,0.0,0
2025-11-28,UNH,0.0,0
2025-12-01,UNH,0.0,0
2025-12-02,UNH,0.0,0
2025-12-03,UNH,0.0,0
2025-12-04,UNH,0.0,0
2025-12-05,UNH,0.0,0
2025-12-08,UNH,0.0,0
2025-12-09,UNH,0.0,0
2025-12-10,UNH,0.0,0
2025-12-11,UNH,0.0,0
2025-12-12,UNH,0.0,0
2025-12-15,UNH,0.0,0
2025-12-16,UNH,0.0,0
2025-12-17,UNH,0.0,0
2025-12-18,UNH,0.0,0
2025-12-19,UNH,0.0,0
2025-12-22,UNH,0.0,0
2025-12-23,UNH,0.0,0
2025-12-24,UNH,0.0,0
2025-12-25,UNH,0.0,0
2025-12-26,UNH,0.0,0
2025-12-29,UNH,0.0,0
2025-12-30,UNH,0.0,0
2025-12-31,UNH,0.0,0
2024-12-31,V,0.0,0
2025-01-01,V,0.0,0
2025-01-02,V,0.0,0
2025-01-03,V,0.0,0
2025-01-06,V,0.0,0
2025-01-07,V,0.0,0
2025-01-08,V,0.0,0
2025-01-09,V,0.0,0
2025-01-10,V,0.0,0
2025-01-13,V,0.0,0
2025-01-14,V,0.0,0
2025-01-15,V,0.0,0
2025-01-16,V,0.0,0
2025-01-17,V,0.0,0
2025-01-20,V,0.0,0
2025-01-21,V,0.0,0
2025-01-22,V,0.0,0
2025-01-23,V,0.0,0
2025-01-24,V,0.0,0
2025-01-27,V,0.0,0
2025-01-28,V,0.0,0
2025-01-29,V,0.0,0
2025-01-30,V,0.0,0
2025-01-31,V,0.0,0
2025-02-03,V,0.0,0
2025-02-04,V,0.0,0
2025-02-05,V,0.0,0
2025-02-06,V,0.0,0
2025-02-07,V,0.0,0
2025-02-10,V,0.0,0
2025-02-11,V,0.0,0
2025-02-12,V,0.0,0
2025-02-13,V,0.0,0
2025-02-14,V,0.0,0
2025-02-17,V,0.0,0
2025-02-18,V,0.0,0
2025-02-19,V,0.0,0
2025-02-20,V,0.0,0
2025-02-21,V,0.0,0
2025-02-24,V,0.0,0
2025-02-25,V,0.0,0
2025-02-26,V,0.0,0
2025-02-27,V,0.0,0
2025-02-28,V,0.0,0
2025-03-03,V,0.0,0
2025-03-04,V,0.0,0
2025-03-05,V,0.0,0
2025-03-06,V,0.0,0
2025-03-07,V,0.0,0
2025-03-10,V,0.0,0
2025-03-11,V,0.0,0
2025-03-12,V,0.0,0
2025-03-13,V,0.0,0
2025-03-14,V,0.0,0
2025-03-17,V,0.0,0
2025-03-18,V,0.0,0
2025-03-19,V,0.0,0
2025-03-20,V,0.0,0
2025-03-21,V,0.0,0
2025-03-24,V,0.0,0
2025-03-25,V,0.0,0
2025-03-26,V,0.0,0
2025-03-27,V,0.0,0
2025-03-28,V,0.0,0
2025-03-31,V,0.0,0
2025-04-01,V,0.0,0
2025-04-02,V,0.0,0
2025-04-03,V,0.0,0
2025-04-04,V,0.0,0
2025-04-07,V,0.0,0
2025-04-08,V,0.0,0
2025-04-09,V,0.0,0
2025-04-10,V,0.0,0
2025-04-11,V,0.0,0
2025-04-14,V,0.0,0
2025-04-15,V,0.0,0
2025-04-16,V,0.0,0
2025-04-17,V,0.0,0
2025-04-18,V,0.0,0
2025-04-21,V,0.0,0
2025-04-22,V,0.0,0
2025-04-23,V,0.0,0
2025-04-24,V,0.0,0
2025-04-25,V,0.0,0
2025-04-28,V,0.0,0
2025-04-29,V,0.0,0
2025-04-30,V,0.0,0
2025-05-01,V,0.0,0
2025-05-02,V,0.0,0
2025-05-05,V,0.0,0
2025-05-06,V,0.0,0
2025-05-07,V,0.0,0
2025-05-08,V,0.0,0
2025-05-09,V,0.0,0
2025-05-12,V,0.0,0
2025-05-13,V,0.0,0
2025-05-14,V,0.0,0
2025-05-15,V,0.0,0
2025-05-16,V,0.0,0
2025-05-19,V,0.0,0
2025-05-20,V,0.0,0
2025-05-21,V,0.0,0
2025-05-22,V,0.0,0
2025-05-23,V,0.0,0
2025-05-26,V,0.0,0
2025-05-27,V,0.0,0
2025-05-28,V,0.0,0
2025-05-29,V,0.0,0
2025-05-30,V,0.0,0
2025-06-02,V,0.0,0
2025-06-03,V,0.0,0
2025-06-04,V,0.0,0
2025-06-05,V,0.0,0
2025-06-06,V,0.0,0
2025-06-09,V,0.0,0
2025-06-10,V,0.0,0
2025-06-11,V,0.0,0
2025-06-12,V,0.0,0
2025-06-13,V,0.0,0
2025-06-16,V,0.0,0
2025-06-17,V,0.0,0
2025-06-18,V,0.0,0
2025-06-19,V,0.0,0
2025-06-20,V,0.0,0
2025-06-23,V,0.0,0
2025-06-24,V,0.0,0
2025-06-25,V,0.0,0
2025-06-26,V,0.0,0
2025-06-27,V,0.0,0
2025-06-30,V,0.0,0
2025-07-01,V,0.0,0
2025-07-02,V,0.0,0
2025-07-03,V,0.0,0
2025-07-04,V,0.0,0
2025-07-07,V,0.0,0
2025-07-08,V,0.0,0
2025-07-09,V,0.0,0
2025-07-10,V,0.0,0
2025-07-11,V,0.0,0
2025-07-14,V,0.0,0
2025-07-15,V,0.0,0
2025-07-16,V,0.0,0
2025-07-17,V,0.0,0
2025-07-18,V,0.0,0
2025-07-21,V,0.0,0
2025-07-22,V,0.0,0
2025-07-23,V,0.0,0
2025-07-24,V,0.0,0
2025-07-25,V,0.0,0
2025-07-28,V,0.0,0
2025-07-29,V,0.0,0
2025-07-30,V,0.0,0
2025-07-31,V,0.0,0
2025-08-01,V,0.0,0
2025-08-04,V,0.0,0
2025-08-05,V,0.0,0
2025-08-06,V,0.0,0
2025-08-07,V,0.0,0
2025-08-08,V,0.0,0
2025-08-11,V,0.0,0
2025-08-12,V,0.0,0
2025-08-13,V,0.0,0
2025-08-14,V,0.0,0
2025-08-15,V,0.0,0
2025-08-18,V,0.0,0
2025-08-19,V,0.0,0
2025-08-20,V,0.0,0
2025-08-21,V,0.0,0
2025-08-22,V,0.0,0
2025-08-25,V,0.0,0
2025-08-26,V,0.0,0
2025-08-27,V,0.0,0
2025-08-28,V,0.0,0
2025-08-29,V,0.0,0
2025-09-01,V,0.0,0
2025-09-02,V,0.0,0
2025-09-03,V,0.0,0
2025-09-04,V,0.0,0
2025-09-05,V,0.0,0
2025-09-08,V,0.0,0
2025-09-09,V,0.0,0
2025-09-10,V,0.0,0
2025-09-11,V,0.0,0
2025-09-12,V,0.0,0
2025-09-15,V,0.0,0
2025-09-16,V,0.0,0
2025-09-17,V,0.0,0
2025-09-18,V,0.0,0
2025-09-19,V,0.0,0
2025-09-22,V,0.0,0
2025-09-23,V,0.0,0
2025-09-24,V,0.0,0
2025-09-25,V,0.0,0
2025-09-26,V,0.0,0
2025-09-29,V,0.0,0
2025-09-30,V,0.0,0
2025-10-01,V,0.0,0
2025-10-02,V,0.0,0
2025-10-03,V,0.0,0
2025-10-06,V,0.0,0
2025-10-07,V,0.0,0
2025-10-08,V,0.0,0
2025-10-09,V,0.0,0
2025-10-10,V,0.0,0
2025-10-13,V,0.0,0
2025-10-14,V,0.0,0
2025-10-15,V,0.0,0
2025-10-16,V,0.0,0
2025-10-17,V,0.0,0
2025-10-20,V,0.0,0
2025-10-21,V,0.0,0
2025-10-22,V,0.0,0
2025-10-23,V,0.0,0
2025-10-24,V,0.0,0
2025-10-27,V,0.0,0
2025-10-28,V,0.0,0
2025-10-29,V,0.0,0
2025-10-30,V,0.0,0
2025-10-31,V,0.0,0
2025-11-03,V,0.0,0
2025-11-04,V,0.0,0
2025-11-05,V,0.0,0
2025-11-06,V,0.0,0
2025-11-07,V,0.0,0
2025-11-10,V,0.0,0
2025-11-11,V,0.0,0
2025-11-12,V,0.0,0
2025-11-13,V,0.0,0
2025-11-14,V,0.0,0
2025-11-17,V,0.0,0
2025-11-18,V,0.0,0
2025-11-19,V,0.0,0
2025-11-20,V,0.0,0
2025-11-21,V,0.0,0
2025-11-24,V,0.0,0
2025-11-25,V,0.0,0
2025-11-26,V,0.0,0
2025-11-27,V,0.0,0
2025-11-28,V,0.0,0
2025-12-01,V,0.0,0
2025-12-02,V,0.0,0
2025-12-03,V,0.0,0
2025-12-04,V,0.0,0
2025-12-05,V,0.0,0
2025-12-08,V,0.0,0
2025-12-09,V,0.0,0
2025-12-10,V,0.0,0
2025-12-11,V,0.0,0
2025-12-12,V,0.0,0
2025-12-15,V,0.0,0
2025-12-16,V,0.0,0
2025-12-17,V,0.0,0
2025-12-18,V,0.0,0
2025-12-19,V,0.0,0
2025-12-22,V,0.0,0
2025-12-23,V,0.0,0
2025-12-24,V,0.0,0
2025-12-25,V,0.0,0
2025-12-26,V,0.0,0
2025-12-29,V,0.0,0
2025-12-30,V,0.0,0
2025-12-31,V,0.0,0
2024-12-31,XOM,0.00101675959364215,0
2025-01-01,XOM,0.00101675959364215,0
2025-01-02,XOM,0.00101675959364215,0
2025-01-03,XOM,0.00101675959364215,0
2025-01-06,XOM,0.00101675959364215,0
2025-01-07,XOM,0.00101675959364215,0
2025-01-08,XOM,0.00101675959364215,0
2025-01-09,XOM,0.00101675959364215,0
2025-01-10,XOM,0.00101675959364215,0
2025-01-13,XOM,0.00101675959364215,0
2025-01-14,XOM,0.00101675959364215,0
2025-01-15,XOM,0.00101675959364215,0
2025-01-16,XOM,0.00101675959364215,0
2025-01-17,XOM,0.00101675959364215,0
2025-01-20,XOM,0.00101675959364215,0
2025-01-21,XOM,0.00101675959364215,0
2025-01-22,XOM,0.00101675959364215,0
2025-01-23,XOM,0.00101675959364215,0
2025-01-24,XOM,0.00101675959364215,0
2025-01-27,XOM,0.00101675959364215,0
2025-01-28,XOM,0.00101675959364215,0
2025-01-29,XOM,0.00101675959364215,0
2025-01-30,XOM,0.00101675959364215,0
2025-01-31,XOM,0.00101675959364215,0
2025-02-03,XOM,0.00101675959364215,0
2025-02-04,XOM,0.00101675959364215,0
2025-02-05,XOM,0.00101675959364215,0
2025-02-06,XOM,0.00101675959364215,0
2025-02-07,XOM,0.00101675959364215,0
2025-02-10,XOM,0.00101675959364215,0
2025-02-11,XOM,0.00101675959364215,0
2025-02-12,XOM,0.00101675959364215,0
2025-02-13,XOM,0.00101675959364215,0
2025-02-14,XOM,0.00101675959364215,0
2025-02-17,XOM,0.00101675959364215,0
2025-02-18,XOM,0.00101675959364215,0
2025-02-19,XOM,0.00101675959364215,0
2025-02-20,XOM,0.00101675959364215,0
2025-02-21,XOM,0.00101675959364215,0
2025-02-24,XOM,0.00101675959364215,0
2025-02-25,XOM,0.00101675959364215,0
2025-02-26,XOM,0.00101675959364215,0
2025-02-27,XOM,0.00101675959364215,0
2025-02-28,XOM,0.00101675959364215,0
2025-03-03,XOM,0.00101675959364215,0
2025-03-04,XOM,0.00101675959364215,0
2025-03-05,XOM,0.00101675959364215,0
2025-03-06,XOM,0.00101675959364215,0
2025-03-07,XOM,0.00101675959364215,0
2025-03-10,XOM,0.00101675959364215,0
2025-03-11,XOM,0.00101675959364215,0
2025-03-12,XOM,0.00101675959364215,0
2025-03-13,XOM,0.00101675959364215,0
2025-03-14,XOM,0.00101675959364215,0
2025-03-17,XOM,0.00101675959364215,0
2025-03-18,XOM,0.00101675959364215,0
2025-03-19,XOM,0.00101675959364215,0
2025-03-20,XOM,0.00101675959364215,0
2025-03-21,XOM,0.00101675959364215,0
2025-03-24,XOM,0.00101675959364215,0
2025-03-25,XOM,0.00101675959364215,0
2025-03-26,XOM,0.00101675959364215,0
2025-03-27,XOM,0.00101675959364215,0
2025-03-28,XOM,0.00101675959364215,0
2025-03-31,XOM,0.00101675959364215,0
2025-04-01,XOM,0.00101675959364215,0
2025-04-02,XOM,0.00101675959364215,0
2025-04-03,XOM,0.00101675959364215,0
2025-04-04,XOM,0.00101675959364215,0
2025-04-07,XOM,0.00101675959364215,0
2025-04-08,XOM,0.00101675959364215,0
2025-04-09,XOM,0.00101675959364215,0
2025-04-10,XOM,0.00101675959364215,0
2025-04-11,XOM,0.00101675959364215,0
2025-04-14,XOM,0.00101675959364215,0
2025-04-15,XOM,0.00101675959364215,0
2025-04-16,XOM,0.00101675959364215,0
2025-04-17,XOM,0.00101675959364215,0
2025-04-18,XOM,0.00101675959364215,0
2025-04-21,XOM,0.00101675959364215,0
2025-04-22,XOM,0.00101675959364215,0
2025-04-23,XOM,0.00101675959364215,0
2025-04-24,XOM,0.00101675959364215,0
2025-04-25,XOM,0.00101675959364215,0
2025-04-28,XOM,0.00101675959364215,0
2025-04-29,XOM,0.00101675959364215,0
2025-04-30,XOM,0.00101675959364215,0
2025-05-01,XOM,0.00101675959364215,0
2025-05-02,XOM,0.00101675959364215,0
2025-05-05,XOM,0.00101675959364215,0
2025-05-06,XOM,0.00101675959364215,0
2025-05-07,XOM,0.00101675959364215,0
2025-05-08,XOM,0.00101675959364215,0
2025-05-09,XOM,0.00101675959364215,0
2025-05-12,XOM,0.00101675959364215,0
2025-05-13,XOM,0.00101675959364215,0
2025-05-14,XOM,0.00101675959364215,0
2025-05-15,XOM,0.00101675959364215,0
2025-05-16,XOM,0.00101675959364215,0
2025-05-19,XOM,0.00101675959364215,0
2025-05-20,XOM,0.00101675959364215,0
2025-05-21,XOM,0.00101675959364215,0
2025-05-22,XOM,0.00101675959364215,0
2025-05-23,XOM,0.00101675959364215,0
2025-05-26,XOM,0.00101675959364215,0
2025-05-27,XOM,0.00101675959364215,0
2025-05-28,XOM,0.00101675959364215,0
2025-05-29,XOM,0.00101675959364215,0
2025-05-30,XOM,0.00101675959364215,0
2025-06-02,XOM,0.00101675959364215,0
2025-06-03,XOM,0.00101675959364215,0
2025-06-04,XOM,0.00101675959364215,0
2025-06-05,XOM,0.00101675959364215,0
2025-06-06,XOM,0.00101675959364215,0
2025-06-09,XOM,0.00101675959364215,0
2025-06-10,XOM,0.00101675959364215,0
2025-06-11,XOM,0.00101675959364215,0
2025-06-12,XOM,0.00101675959364215,0
2025-06-13,XOM,0.00101675959364215,0
2025-06-16,XOM,0.00101675959364215,0
2025-06-17,XOM,0.00101675959364215,0
2025-06-18,XOM,0.00101675959364215,0
2025-06-19,XOM,0.00101675959364215,0
2025-06-20,XOM,0.00101675959364215,0
2025-06-23,XOM,0.00101675959364215,0
2025-06-24,XOM,0.00101675959364215,0
2025-06-25,XOM,0.00101675959364215,0
2025-06-26,XOM,0.00101675959364215,0
2025-06-27,XOM,0.00101675959364215,0
2025-06-30,XOM,0.00101675959364215,0
2025-07-01,XOM,0.00101675959364215,0
2025-07-02,XOM,0.00101675959364215,0
2025-07-03,XOM,0.00101675959364215,0
2025-07-04,XOM,0.00101675959364215,0
2025-07-07,XOM,0.00101675959364215,0
2025-07-08,XOM,0.00101675959364215,0
2025-07-09,XOM,0.00101675959364215,0
2025-07-10,XOM,0.00101675959364215,0
2025-07-11,XOM,0.00101675959364215,0
2025-07-14,XOM,0.00101675959364215,0
2025-07-15,XOM,0.00101675959364215,0
2025-07-16,XOM,0.00101675959364215,0
2025-07-17,XOM,0.00101675959364215,0
2025-07-18,XOM,0.00101675959364215,0
2025-07-21,XOM,0.00101675959364215,0
2025-07-22,XOM,0.00101675959364215,0
2025-07-23,XOM,0.00101675959364215,0
2025-07-24,XOM,0.00101675959364215,0
2025-07-25,XOM,0.00101675959364215,0
2025-07-28,XOM,0.00101675959364215,0
2025-07-29,XOM,0.00101675959364215,0
2025-07-30,XOM,0.00101675959364215,0
2025-07-31,XOM,0.00101675959364215,0
2025-08-01,XOM,0.00101675959364215,0
2025-08-04,XOM,0.00101675959364215,0
2025-08-05,XOM,0.00101675959364215,0
2025-08-06,XOM,0.00101675959364215,0
2025-08-07,XOM,0.00101675959364215,0
2025-08-08,XOM,0.00101675959364215,0
2025-08-11,XOM,0.00101675959364215,0
2025-08-12,XOM,0.00101675959364215,0
2025-08-13,XOM,0.00101675959364215,0
2025-08-14,XOM,0.00101675959364215,0
2025-08-15,XOM,0.00101675959364215,0
2025-08-18,XOM,0.00101675959364215,0
2025-08-19,XOM,0.00101675959364215,0
2025-08-20,XOM,0.00101675959364215,0
2025-08-21,XOM,0.00101675959364215,0
2025-08-22,XOM,0.00101675959364215,0
2025-08-25,XOM,0.00101675959364215,0
2025-08-26,XOM,0.00101675959364215,0
2025-08-27,XOM,0.00101675959364215,0
2025-08-28,XOM,0.00101675959364215,0
2025-08-29,XOM,0.00101675959364215,0
2025-09-01,XOM,0.00101675959364215,0
2025-09-02,XOM,0.00101675959364215,0
2025-09-03,XOM,0.00101675959364215,0
2025-09-04,XOM,0.00101675959364215,0
2025-09-05,XOM,0.00101675959364215,0
2025-09-08,XOM,0.00101675959364215,0
2025-09-09,XOM,0.00101675959364215,0
2025-09-10,XOM,0.00101675959364215,0
2025-09-11,XOM,0.00101675959364215,0
2025-09-12,XOM,0.00101675959364215,0
2025-09-15,XOM,0.00101675959364215,0
2025-09-16,XOM,0.00101675959364215,0
2025-09-17,XOM,0.00101675959364215,0
2025-09-18,XOM,0.00101675959364215,0
2025-09-19,XOM,0.00101675959364215,0
2025-09-22,XOM,0.00101675959364215,0
2025-09-23,XOM,0.00101675959364215,0
2025-09-24,XOM,0.00101675959364215,0
2025-09-25,XOM,0.00101675959364215,0
2025-09-26,XOM,0.00101675959364215,0
2025-09-29,XOM,0.00101675959364215,0
2025-09-30,XOM,0.00101675959364215,0
2025-10-01,XOM,0.00101675959364215,0
2025-10-02,XOM,0.00101675959364215,0
2025-10-03,XOM,0.00101675959364215,0
2025-10-06,XOM,0.00101675959364215,0
2025-10-07,XOM,0.00101675959364215,0
2025-10-08,XOM,0.00101675959364215,0
2025-10-09,XOM,0.00101675959364215,0
2025-10-10,XOM,0.00101675959364215,0
2025-10-13,XOM,0.00101675959364215,0
2025-10-14,XOM,0.00101675959364215,0
2025-10-15,XOM,0.00101675959364215,0
2025-10-16,XOM,0.00101675959364215,0
2025-10-17,XOM,0.00101675959364215,0
2025-10-20,XOM,0.00101675959364215,0
2025-10-21,XOM,0.00101675959364215,0
2025-10-22,XOM,0.00101675959364215,0
2025-10-23,XOM,0.00101675959364215,0
2025-10-24,XOM,0.00101675959364215,0
2025-10-27,XOM,0.00101675959364215,0
2025-10-28,XOM,0.00101675959364215,0
2025-10-29,XOM,0.00101675959364215,0
2025-10-30,XOM,0.00101675959364215,0
2025-10-31,XOM,0.00101675959364215,0
2025-11-03,XOM,0.00101675959364215,0
2025-11-04,XOM,0.00101675959364215,0
2025-11-05,XOM,0.00101675959364215,0
2025-11-06,XOM,0.00101675959364215,0
2025-11-07,XOM,0.00101675959364215,0
2025-11-10,XOM,0.00101675959364215,0
2025-11-11,XOM,0.00101675959364215,0
2025-11-12,XOM,0.00101675959364215,0
2025-11-13,XOM,0.00101675959364215,0
2025-11-14,XOM,0.00101675959364215,0
2025-11-17,XOM,0.00101675959364215,0
2025-11-18,XOM,0.00101675959364215,0
2025-11-19,XOM,0.00101675959364215,0
2025-11-20,XOM,0.00101675959364215,0
2025-11-21,XOM,0.00101675959364215,0
2025-11-24,XOM,0.00101675959364215,0
2025-11-25,XOM,0.00101675959364215,0
2025-11-26,XOM,0.00101675959364215,0
2025-11-27,XOM,0.00101675959364215,0
2025-11-28,XOM,0.00101675959364215,0
2025-12-01,XOM,0.00101675959364215,0
2025-12-02,XOM,0.00101675959364215,0
2025-12-03,XOM,0.00101675959364215,0
2025-12-04,XOM,0.00101675959364215,0
2025-12-05,XOM,0.00101675959364215,0
2025-12-08,XOM,0.00101675959364215,0
2025-12-09,XOM,0.00101675959364215,0
2025-12-10,XOM,0.00101675959364215,0
2025-12-11,XOM,0.00101675959364215,0
2025-12-12,XOM,0.00101675959364215,0
2025-12-15,XOM,0.00101675959364215,0
2025-12-16,XOM,0.00101675959364215,0
2025-12-17,XOM,0.00101675959364215,0
2025-12-18,XOM,0.00101675959364215,0
2025-12-19,XOM,0.00101675959364215,0
2025-12-22,XOM,0.00101675959364215,0
2025-12-23,XOM,0.00101675959364215,0
2025-12-24,XOM,0.00101675959364215,0
2025-12-25,XOM,0.00101675959364215,0
2025-12-26,XOM,0.00101675959364215,0
2025-12-29,XOM,0.00101675959364215,0
2025-12-30,XOM,0.00101675959364215,0
2025-12-31,XOM,0.00101675959364215,0
